Κυνικός	doglike
κυρ	main
λιμοκτονίη	fasting
πολύτροπος	nutritious
συμβόλαιος	intercourse
τελει	last
χρωματικός	colored
ἰχθυοθηρητήρ	fisherman
οξυ	cleverness
Δεκεμβρίους	december
αὔω	dry
clepes	steal
πεισομένοις	future,middle,participle,skh
basiem	first,person,singular,present,passive,subjunctive
χια	feminine,nominative,vocative,plural
salutaris	safety,security
abdicatus	depose,second,person,plural,present,active,imperative,abdic
agit	second,person,singular,present,active,indicative
debuisset	first,person,singular,pluperfect,active,subjunctive
insomnia	sleeplessness
appendo	first,person,singular,perfect,active,indicative,append
compareo	appearing,first,person,singular,present,passive,subjunctive,compar
lotus	urine,piss
duim	third,person,singular,present,active,subjunctive
transiens	piercing
κλυω	aorist,active,participle
axis	alliance,coalition
arsi	arson
desiccate	remove,moisture,from
temperatura	the,general,mood
exter	use
lamium	sorceress,enchantress,witch
αγριωτατη	feminine,accusative,singular,tos
λίγεια	feminine,nominative,vocative,singular
figura	forming
bacillum	inflection,bacillus,nominative,vocative,plural
absentent	the,state,being,absent
scola	worm
claudus	imprison,confine
gelær	teach,guide,advise
εἰπόντα	masculine,accusative,plural,eip
fragor	strawberry,fragaria,vesca
buxus	inflection,buxus,nominative,vocative,plural
or	early,origin,beginning
calcabaris	second,person,singular,future,passive,indicative,calc
λέγοιμεν	first,person,singular,present,active,optative
alitus	second,third,person,singular,future,active,imperative
gyrus	prepare
πραε	masculine,neuter,genitive,plural
paragraph	paragraph
niobium	niobium
αἰσχρᾶς	feminine,accusative,plural,aiskhr
amabis	second,person,plural,future,passive,indicative
breath	live
accommodate	suitably
constant	third,person,plural,future,active,imperative,nst
Κορίνθιος	masculine,accusative,plural,kor,nth
πλεύσαντες	masculine,accusative,plural,ple
geondsprengan	scatter,about,sprinkle
arent	are,not,negative,auxiliary
pyramidalis	like,pyramid
emerges	second,person,singular,future,passive,indicative,merg
cyclus	age
παύσαιντο	third,person,singular,aorist,middle,optative
decresce	third,person,plural,future,active,indicative
πόση	feminine,dative,singular,sos
ζώει	third,person,plural,present,active,optative
φθειρ	aorist,active,participle,phthe
insectum	indented
mit	light,fruitful,mellow
ama	third,person,plural,present,active,indicative
stilla	still
κακοστόμαχος	neuter,nominative,singular,kakost,makhos
λαμπροτάταις	feminine,accusative,plural,mpr,tos
geat	grant
clamem	third,person,singular,present,active,subjunctive
πονηρᾶς	feminine,accusative,plural,pon
us	alternative,form
aluminium	single,atom,this,element
devores	inflection,vor,present,active,infinitive
πρωτε	feminine,genitive,plural,tos,the,first,quality
verto	head
σχοι	second,person,singular,aorist,middle,optative
esses	waste,consume,state,condition
ειπουσα	feminine,accusative,singular,eip
abiuramus	first,person,plural,present,passive,indicative,abi
slim	slime
diligis	first,person,plural,present,active,subjunctive,lig
πολλε	feminine,genitive,plural,pol
Masorete	relating,the,masorah,its,authors
gan	acquire,seize
argon	single,atom,this,element
χαλεποῖν	masculine,nominative,vocative,plural,lep
cogitaveris	first,person,plural,perfect,active,subjunctive,git
declametis	third,person,singular,present,passive,subjunctive
ειωθυια	feminine,nominative,vocative,plural
maleficus	enchant,ensorcell,bewitch
prosperus	propitiate
δοιή	third,person,singular,present,active,optative
indice	proclaiming,announcing
deal	pitch
beetles	archaic,spelling,betel
nudus	not,valid
radium	the,long,bone,forearm,side,thumb
fac	makeup
credebatis	third,person,singular,imperfect,passive,indicative
gram	grandmother
αἰτιωτάταις	feminine,genitive,dative,dual,ait,tos
aspiraret	second,person,plural,imperfect,active,subjunctive,asp
imaginor	membayangkan
παλαιοι	masculine,neuter,genitive,dative,dual,lai
Bermudan	bermuda,sloop
annosus	inflection,ann,sus,genitive,masculine,neuter,singular
cires	first,person,singular,imperfect,passive,subjunctive
dedicanto	third,person,plural,future,passive,imperative,dic
bog	arch,arm,shoulder
circus	about,around,circle
septemvir	september
μαρμάρεος	crystalline,rock
commutabant	third,person,singular,imperfect,active,indicative,comm
γνουσα	feminine,nominative,vocative,plural,gno
πεντάφυλλος	creeping,cinquefoil,potentilla,reptans
wæg	cup,flagon
curium	court
delegabimus	first,person,plural,future,passive,indicative
καθαρωτάτοις	superlative,degree
adorem	first,person,plural,present,active,subjunctive
νικωσα	feminine,accusative,singular
adescaveris	second,person,plural,perfect,active,subjunctive
περιδέξιος	armlet,for,the,right,arm
ascitus	inflection,asc,tus,genitive,masculine,neuter,singular
gelimplic	fitly,suitably
calcatis	trampled
ἀκρίς	peak,mountaintop,hilltop
caveat	warning
acaulous	acaulous
consoles	first,person,singular,perfect,active,indicative
coheres	second,person,singular,present,active,imperative,coh
accelerate	mempercepat
ate	oat
polycystid	pertaining,the,polycystina
tensor	grammatical,aspect
θερμοῖς	masculine,neuter,genitive,dative,dual,therm
dirimes	frustrate,destroy
botulinus	inflection,botul,nus,accusative,singular,masculine
pi	abbreviation,prohibited,immigrant
amigo	female,friend
ἀγαθαί	feminine,accusative,plural
focus	altar
bear	second,person,singular,imperfect,active,subjunctive
adveniemus	first,person,plural,imperfect,active,subjunctive,adveni
fultus	assistance
bestrican	bestride
cogo	second,person,singular,future,active,indicative
dedicabor	second,person,plural,future,active,indicative,dic
θηρ	epic,and,ionic,form,malignant,ulcer
ταχειαι	feminine,genitive,dative,dual
desertus	inflection,sertus,genitive,masculine,neuter,singular
λυτρωτοι	masculine,neuter,genitive,dative,dual,lutr
abstrusity	abstruse,manner
bun	cup
παυσαίμην	first,person,singular,aorist,active,optative
dedicabit	third,person,singular,future,passive,indicative,dic
coefficiens	cooperating
eard	occupy,settle
καλαῖν	feminine,dative,plural
deleverant	third,person,plural,perfect,active,indicative
πεσόντος	masculine,accusative,plural,pes
asio	kind,rye
chaldaeicus	chaldean,person
προστιθεῖσιν	feminine,accusative,singular,prost,the
berg	large,rucksack
παχυτάτοις	superlative,degree
celer	second,person,singular,present,passive,subjunctive
beorhte	brightness
tragus	drag,pull
candor	impartiality
adesa	inflection,sus,nominative,vocative,masculine,plural
batus	gnaw,chew
was	marsh
cancer	cancer
signator	distinguished,recognized
hydraulus	pertaining,water
λαλιστάταις	masculine,neuter,dative,plural,tos
alleva	first,person,singular,perfect,active,indicative,allin
μισθωτούς	mercenary,hireling
brec	inflected,infinitive,brecan
θελούσας	feminine,genitive,singular
sang	ginseng
κακαί	feminine,accusative,plural
acataleptic	verse,which,has,the,complete,number,feet,and
vitus	vine,grapevine
abnodor	second,person,singular,present,active,subjunctive,abn
μουσικούς	accomplished
φαρμακός	pertaining,magical,arts
morsus	little,piece,bit
acclimatizable	capable,being,acclimated
σιδηρίτης	ironwort,sideritis,romana
comprehensaturus	about,grasp
ben	boon
deceptivus	likely,attempting,deceive
accidentalism	the,quality,being,accidental
ford	stream
participans	sharing
πεισθείσας	feminine,genitive,singular,peisthe
absconsa	hidden,secret,concealed
propugnatio	defend
λυτρωτε	masculine,accusative,plural,lutr
bar	boar
abiudicarent	third,person,plural,present,active,subjunctive,abi,dic
firenlic	vehemently,rashy
creti	inheritance,heritage
soþsagu	truthful
emp	control,dominion,sway
godspellisc	gospel
abundus	exceed
formula	any,mathematical,rule,expressed,symbolically
consauciatus	wounding
attracto	contraction
γελοίοιν	masculine,nominative,vocative,plural,gelo
banana	the,penis
deploraremur	first,person,plural,imperfect,active,subjunctive
καταπρακτικόν	fitted,for,accomplishing
οὖσα	feminine,nominative,accusative,vocative,dual
γαμηλια	feminine,accusative,singular
undertake	past,participle,undertake
dilatus	second,person,singular,present,active,imperative
ἀδικωτέρᾳ	masculine,vocative,singular,teros
pasta	fed,nourished
χαλεπῇ	masculine,vocative,singular,lep
hos	pants,trousers
syferlic	cleanly,purely
provide	foresee
hwæt	wheat
finger	person
hleapestre	dancer
accedes	advance,attack
gearo	long,ago
arun	northumbrian,form,earon
ποιήσαντες	masculine,accusative,plural,poi
dreame	simple,past,and,participle,dream
diffamatis	defamed,maligned
βαρεησι	feminine,dative,plural,with,movable
patronus	foster,mother
nablum	kind,lyre
νεωτέροις	comparative,degree
crispabunt	third,person,plural,perfect,active,indicative
cost	option,choice
cafe	coffee,small,restaurant,any,genre
coronabor	second,person,singular,future,active,indicative,cor
abiurabimus	first,person,plural,perfect,active,indicative,abi
ephebus	young,man
geweorp	cast,off,altogether
δασεῖα	feminine,dative,singular
ciricwaru	churchwarden
conclama	summon
donatis	given
sapphirus	deep,blue,colour
purpuro	any,precious,valuable,object
cocus	second,person,singular,future,active,indicative,coc
γεγονυῖαν	feminine,genitive,plural,gegon
irritatus	inciter,instigator
celavisti	second,person,plural,perfect,active,indicative
polyedrous	dated,form,polyhedron
advectus	carry,bring,convey,somewhere,often
cogitaberis	first,person,singular,perfect,active,subjunctive,git
ceravissem	first,person,plural,pluperfect,active,subjunctive
addices	second,person,singular,present,active,imperative,add
Νοεμβρίου	november
declamant	third,person,singular,present,active,indicative
artavisset	third,person,plural,pluperfect,active,subjunctive,art
repressus	limiter
defungor	second,person,singular,future,active,indicative,fungor
πόλει	masculine,neuter,dative,plural,pol
decide	dying
κεφάλαιος	masculine,neuter,genitive,singular,keph,laios
basium	first,person,singular,perfect,active,indicative
ληφθέντες	masculine,neuter,genitive,singular,phthe
detorquens	distort,misrepresent
donaveris	first,person,singular,pluperfect,active,indicative
diminuturus	shattered
abiurgabit	third,person,singular,perfect,active,indicative,abi
ci	initialism,civil,infraction
abiurabor	second,person,plural,imperfect,active,indicative,abi
κελλάριν	cellar,pantry,larder
deprecatorius	about,deprecate
ἀδικωτάτην	feminine,dative,singular,tos
crisis	critical,diseases,second,person,singular,present,active,imperative
forswelgan	die
bacatus	inflection,tus,genitive,masculine,neuter,singular
delectus	second,person,singular,present,active,imperative,lect
detegebam	second,person,singular,imperfect,active,indicative,teg
debear	second,person,singular,present,passive,subjunctive
adveneror	second,person,singular,perfect,active,subjunctive,adveni
discedebamus	first,person,plural,imperfect,active,subjunctive,disc
τολμηρότατος	feminine,accusative,singular,tolm,tatos
νικήσασαν	feminine,nominative,vocative,singular
tenebrico	dark,gloomy
acephali	asefala
corrosus	first,person,singular,perfect,active,indicative,corr
copularent	third,person,plural,pluperfect,active,subjunctive,pul
sagum	divining,prophetic
ὄρος	rule,standard
υλη	woody,wooded
μελι	ashen,spear
τερπνοῖς	masculine,nominative,vocative,plural,terpn
coagules	first,person,singular,present,passive,subjunctive,gul
donem	first,person,singular,present,passive,subjunctive
operator	surgeon
irregular	irregular,unusual
decerpens	plucked,culled
θρασεια	feminine,accusative,singular,thr
collatus	inflection,coll,tus,accusative,masculine,singular
κενήν	feminine,genitive,singular,ken
toga	dative,ablative,togum
ablactation	weaning
responsus	oracle
alienarem	first,person,plural,imperfect,active,subjunctive,ali
adolesce	increasing,augmenting,second,person,singular,future,active,indicative
araremus	first,person,plural,imperfect,passive,subjunctive
abdicative	causing,implying,abdication
καταλυτέος	masculine,neuter,dative,plural,katalut
converso	ponder,inverted
alienabis	second,person,plural,imperfect,active,indicative,ali
chorus	tribrach
neurotomical	one,who,skilled,practices,neurotomy
deliquo	failure
denudes	first,person,singular,present,passive,subjunctive,second,active
domitus	subduer,vanquisher,conqueror
adorabatis	second,person,singular,future,passive,indicative
lethargia	lethargic
elimaturus	diminished
constrictus	that,which,constricts
deplorare	first,person,singular,present,passive,subjunctive
bend	turn
λέξον	third,person,singular,future,active,optative
bebyrgan	burying,burial
attrectatus	handling
defututus	feminine,accusative,plural,fut,tus
beryllium	atom,this,element
deaurabatis	second,person,singular,future,passive,indicative,deaur
convoca	assembling
accendo	first,person,singular,perfect,active,indicative,accend
amabatis	third,person,singular,imperfect,passive,indicative
celabis	second,person,plural,future,passive,indicative
saepis	hedge,fence
divarica	inflection,ric,present,active,infinitive
χθονίους	masculine,genitive,singular,khth,nios
διᾶν	feminine,accusative,singular
diffamantor	third,person,plural,future,active,imperative,diff
aula	furrow
demigratus	migrating
pando	ellipsis,giant,panda,ailuropoda,melanoleuca
κληθείσαις	feminine,accusative,plural,the
βαρυτέρᾳ	masculine,vocative,singular,teros
pigror	hesitate
μώρων	masculine,feminine,neuter,genitive,plural
προστιθέντι	masculine,accusative,plural,prost,the
swipor	whip,scourge
gesweorc	darken
pie	magpie
war	seaweed
στήσασαι	masculine,neuter,dative,plural
contagium	influence
γιγάντεσι	masculine,feminine,neuter,dative,plural,singular
deflector	digress
aequus	compare
sima	snub,nosed
tweo	ellipsis,twee,pop
dedicabant	third,person,plural,pluperfect,active,indicative,dic
πελωρ	masculine,neuter,genitive,singular,ros
φανεράς	feminine,genitive,singular,ner
delineem	first,person,plural,present,active,subjunctive
σεμνῇ	masculine,neuter,dative,singular,semn
capital	knowledge,excellent
ambiguus	hesitant
animavi	third,person,singular,perfect,active,indicative,anim
exaltas	second,person,singular,imperfect,active,indicative,exalt
casa	accident,chance
gehealdan	past,participle,ehealdan
frigor	chill,fever
fluor	woolly,downy,substance
θέρμη	feminine,nominative,vocative,singular,therm
rasus	explore
polenta	parched,corn
βλαβερέ	masculine,neuter,dative,singular,ber
οιω	feminine,genitive,plural
ειδειη	first,person,singular,perfect,active,optative
γρυπή	feminine,dative,singular
votum	cast,vote
forgietan	neglect
wiln	desire
abiurgabis	second,person,singular,present,passive,indicative,abi
praecipio	overreaching
ar	obsolete,spelling,are
gleaw	diligence
reciperator	recovery
copulant	second,person,singular,perfect,active,indicative,pul
εὐρέοιν	masculine,neuter,genitive,dative,dual,eur
clamas	third,person,singular,present,active,indicative
pacatum	peacemaker,pacifier
ball	dance
insinuatus	penetrating,etc
spectrum	specter,apparition
amicabis	second,person,plural,imperfect,active,indicative
commutes	decay,spoil,rot
κυούσῃ	feminine,nominative,vocative,singular
defatigatus	second,person,plural,present,active,imperative,fat
ex	delete
derogor	first,person,plural,present,active,indicative,rog
bita	chew,eat
instauraturus	resumed
παραπλησίοις	nearly,resembling
νικώσῃ	masculine,neuter,dative,plural
σκαζω	iambic,verse,with,spondee,the,last,place,choliamb
μακροτατη	feminine,accusative,singular,tos
wita	advisor
hora	whore,prostitute,dirt
colloca	assembling
rad	scrape,shave,scratch
bulles	inflection,bulla,genitive,dative,singular
admutilatus	cropping
rumor	fame,reputation
spell	story
conditio	requirement
conaturus	tried,attempted,having
exstinctor	quenched,extinguished
twenty-sixth	the,ordinal,form,number,twenty,nine
lava	wash,bathe,lava
knockout	sell
ta	toe
forma	shaping,forming,fashioning
δυνατήν	feminine,genitive,singular
information	information
θυον	masculine,neuter,genitive,plural
are	second,person,singular,present,active,imperative
πάσχοντες	masculine,accusative,plural,skh
dedo	second,person,singular,present,active,imperative,first,perfect
gelica	inflected,infinitive,cian
lumen	the,cavity,channel,within,tube,tubular,organ
certantur	certain
sophi	wisdom,often,personified
adescabis	first,person,singular,future,passive,indicative
δέουσαι	feminine,dative,plural
καλέουσαν	feminine,genitive,plural
bisig	business,occupation,activity
durus	door,stiffly,awkwardly,second,person,singular,present,passive
fordwinen	disappear
fallo	having,collapsed
ποιούσας	feminine,genitive,singular,poi
muscus	fly,insect
dabis	first,person,singular,future,passive,indicative
deaurabantur	third,person,plural,imperfect,passive,subjunctive,deaur
boare	third,person,plural,imperfect,active,subjunctive
cogitabis	second,person,plural,imperfect,passive,indicative,git
scin	shin
auctorizo	guarantee
pugillaris	writing,tablet,notebook
ambis	pulpit,lectern
εἰπόντος	masculine,nominative,vocative,plural,eip
argue	asserting
aequinoctiale	equinox
κενοι	masculine,neuter,genitive,dative,dual,ken
παύσουσα	third,person,plural,active,future,indicative
cumularent	third,person,plural,pluperfect,active,subjunctive,cumul
dedicemus	first,person,plural,present,passive,subjunctive,dic
δεηθεῖσαν	feminine,genitive,plural,the
indicativus	that,indicates,indicative
adamo	second,person,singular,present,active,imperative,adam,inflection
bursa	inflection,bursa,nominative,vocative,plural
molitus	miller
crescerent	third,person,singular,imperfect,active,subjunctive
deturpate	second,person,singular,perfect,active,indicative,turp
μακαρίους	masculine,neuter,genitive,singular
inflatio	undue,expansion,increase,academic,grades
divines	first,person,singular,present,passive,subjunctive
incorporatio	embody
προσκομίσασθαι	aorist,active,infinitive,proskom
celaveris	second,person,plural,perfect,active,subjunctive
γιγνωσκούσαις	feminine,nominative,vocative,plural
abiuranto	third,person,plural,future,passive,imperative,abi
britannus	inflection,britannus,genitive,singular
abiudicabis	third,person,singular,future,active,indicative,abi,dic
cenes	dine,eat,dinner,sup
admissum	let,having,been
dictus	verse,poetry,inflection,dictus,nominative,vocative,feminine,plural
servitus	servant,servitor
ablegabant	third,person,plural,imperfect,passive,indicative,abl,pluperfect
delineabis	second,person,plural,imperfect,passive,indicative
asservare	second,person,plural,present,active,imperative,asservi
ου	where
defendat	serving,suitable,for,defense
adscribes	second,person,singular,present,active,imperative,adscr
incrustatus	encrusting
concupiscens	coveting
communio	communicate
duplus	twofold
declamabis	first,person,plural,imperfect,active,indicative
ablegarent	third,person,plural,imperfect,passive,subjunctive,abl
antecedes	excel,surpass
demorde	bite,off
καταλυτέους	masculine,accusative,plural,katalutik
anwille	stubbornly
profundus	prostrate
contingo	second,person,singular,future,passive,indicative,conting
detona	second,person,singular,present,active,indicative,ton
amaveris	second,person,plural,pluperfect,active,indicative
consternare	second,person,plural,present,active,imperative,nstern
καθαρωτάτας	feminine,genitive,singular,tos
φυσικήν	feminine,genitive,singular
adordino	inflection,rdin,present,active,infinitive
denotes	inflection,not,present,active,infinitive
basiabis	first,person,plural,future,active,indicative
blondus	stupid,ignorant,naive
cenabis	second,person,singular,imperfect,active,indicative
relegatus	despatching
decoctus	bankrupt,defaulted,debtor
bipartio	bipartite
δοκούσας	feminine,dative,plural,dok
examinant	third,person,plural,pluperfect,active,subjunctive,min
lividus	render,livid
assiduabatis	second,person,singular,future,passive,indicative,assidu
πλατέοιν	masculine,neuter,genitive,singular
γενηθείσης	feminine,accusative,singular,gen,the
fanda	examine,explore
σκοποῦσι	masculine,neuter,dative,singular,skop
corruptibilis	corruptibility,perishableness
cavavisti	second,person,plural,perfect,active,indicative,cav
delegaberis	first,person,singular,perfect,active,subjunctive,second,present
τηλικαύτῃ	feminine,nominative,singular,tos
δυνατοι	masculine,neuter,genitive,dative,dual
παυθησόμεθα	first,person,plural,passive,future,optative
albantor	third,person,plural,future,active,imperative,alb
canum	dog,hound,animal,white
γιγνωσκουσῶν	masculine,neuter,genitive,plural
decor	pride,dignity
aremus	first,person,plural,present,passive,subjunctive
adornaris	inflection,present,active,infinitive
πελωριω	feminine,genitive,plural,pel
γραμματικός	fee,paid,scribes,egypt
στείχουσαι	feminine,dative,plural,ste
derogetis	third,person,singular,present,passive,subjunctive,rog
deambula	walking,promenading
παύουσαι	masculine,neuter,dative,plural
spoliator	stripped
οὐρανίδας	feminine,nominative,vocative,plural,our
dream	ideal
μέτριαι	feminine,dative,plural
basiaverat	third,person,plural,pluperfect,active,indicative
egregius	excellently,eminently
musfealle	mouse,colored
drug	wither
asseris	sow,plant,set,near,something
deletur	inflection,rus,accusative,masculine,singular
condonant	second,person,singular,perfect,active,indicative,cond
corroboratis	strengthened,corroborated
χαλεποῖσιν	masculine,neuter,dative,plural,lep
ἀγρίᾳ	masculine,neuter,dative,singular
βασιλευούσας	feminine,nominative,vocative,plural
pond	weight
condonabunt	third,person,plural,perfect,active,indicative,cond
στήσαντες	masculine,accusative,plural
anhelus	first,person,singular,present,passive,indicative,anh
tar	simple,past,tear
φᾶσι	unstressed,form
θήλεια	feminine,dative,singular
παλαιτάτης	feminine,dative,singular,tos
consumptio	the,amount,consumed
declamabat	third,person,singular,future,active,indicative
detractus	detractor,disparager
parus	sharpen,pencil
contemplant	observing
informo	deformed
alchemista	alchemy
θερμήν	feminine,genitive,singular,therm
evangelium	the,process,evangelizing
λοιποῖν	masculine,neuter,dative,plural,loip
appeto	second,person,singular,future,passive,indicative,appet,first
αὐτοπαθής	compact,thick,earth
alienabant	third,person,plural,pluperfect,active,indicative,ali
pallidipes	pale,headed
μελλουσα	feminine,nominative,vocative,plural
ai	abbreviation,angiotensin
καταλυθεῖσαν	feminine,genitive,plural,kataluthe
εικυια	feminine,accusative,singular,eik
ducendus	inflection,cendus,genitive,masculine,neuter,singular
amputaveram	third,person,singular,pluperfect,active,indicative,amput
suffuratus	filching
προτεραι	feminine,dative,singular,protera
se	abbreviation,southeast
pull	darling
RAM	rancid
tumidus	cause,swell
lama	master,tibetan,buddhism
hold	friendly
deus	having,misused
bea	male,lover
perridicule	very,ridiculous,hilarious
abnodabant	third,person,plural,future,active,indicative,abn
κόνις	nit,egg,flea,louse
satus	founder
laureled	highly,honored
begus	daub,cover,with,gum
dulces	third,person,singular,present,active,subjunctive,dulc
expostulatus	demanding
angulaberis	first,person,singular,perfect,active,subjunctive,angul
ablegabis	first,person,plural,future,active,indicative,abl
abstergere	inflection,absterre,present,active,infinitive
cassus	first,person,singular,perfect,active,indicative,cass
dilecti	love
yfel	badly
habitualis	habit
addensabo	first,person,singular,future,passive,indicative,add
cures	first,person,singular,present,passive,subjunctive,inflection,genitive
pet	make,for,somewhere
interdictus	interdictum
interventor	mediation,assistance
annoder	second,person,singular,present,passive,subjunctive,ann
argentarius	banker,stall
deduce	take,away,something
ἀασάμενος	first,person,plural,aorist,active,indicative
παυσθείην	third,person,singular,aorist,passive,optative
δικαιοτάταις	feminine,genitive,dative,dual,kai,tos
exornaturus	equipped
γλυκερός	masculine,neuter,dative,singular,gluker
litus	lightweight
consimilis	compare
adiurator	swearing,oath
angel	angel
overshoot	overshot,water,wheel
φιλε	inflection,los,dative,singular,contracted
παυσθεῖτε	second,person,plural,aorist,passive,optative
φησουσι	third,person,plural,future,active,indicative
diffamabis	first,person,singular,future,active,indicative,diff
congregatis	swarmed
βαρει	feminine,genitive,plural
ψιλή	feminine,dative,singular
pentagon	pentaphyllon,cinquefoil
cuppa	cup
clivi	inauspicious,ominous
vulpinus	pertaining,fox
confutatus	refuter
circumteneo	sit,around,surround,encompass
παραμεῖναι	aorist,active,participle,param
absis	second,person,singular,present,active,subjunctive,absum,uncultivated
λέγοντας	masculine,neuter,genitive,singular
acclaraturus	revealed
φωνηέσσας	feminine,genitive,singular,eis
πανδοῦρα	inflection,ndo,genitive,singular
δεησουσι	third,person,plural,future,active,indicative
auscultaberis	second,person,plural,perfect,active,subjunctive,auscult
μεγίστη	masculine,vocative,singular,stos
productus	throw,before,interpose
cales	first,person,singular,present,active,subjunctive,cal
deturpa	disfigure
ceror	second,person,singular,present,active,subjunctive
exinanitus	draining
dimoveo	removing
πλεούσας	feminine,genitive,singular
ταχίστην	feminine,dative,singular,stos
balbus	stammer,stutter
sponsor	bethrothed
demonstrativus	demonstrative,pronoun
faenum	interest,capital
confundes	pour,mingle,stir
certa	wrestling
irretiturus	entangled
debiturum	about,owe
inruturus	invaded
deauraretis	second,person,singular,perfect,active,subjunctive,deaur
cogitabatis	third,person,singular,imperfect,passive,indicative,git
derogabis	second,person,plural,imperfect,active,indicative,rog
mimor	commemorate
delerem	first,person,plural,imperfect,active,subjunctive
acumino	inflection,min,present,active,infinitive
carptus	criticizer
gerisen	what,fitting
interlitus	falsifying
glut	tenacious,well,tempered
dispenso	dispense,distribute
stipes	cram,stuff,fill
πετεηνοι	masculine,neuter,genitive,dative,dual,pete
magistra	teach,train
ace	second,person,singular,present,active,imperative,ace
abbacinatus	second,person,plural,present,active,imperative,abbacin
bid	wait
condiebam	first,person,singular,imperfect,passive,indicative,condi
geseten	past,participle,settan
gestus	bear,carry,deeds,acts,achievements
πεπονθυῖαν	feminine,genitive,plural,peponth
copulaberis	first,person,singular,perfect,active,subjunctive,pul
abiurga	denying
delineavistis	second,person,singular,perfect,active,indicative
perfidiosus	treacherous
diligebat	second,person,plural,imperfect,active,indicative,lig
θερμαί	feminine,accusative,plural,therm
algus	inflection,alga,nominative,vocative,plural
credas	third,person,singular,present,active,subjunctive
flamma	redden
ταχει	feminine,dative,plural
dilexisti	second,person,plural,perfect,active,indicative,lig
defensurus	inflection,rus,accusative,masculine,singular
belligerator	waged,war
amare	third,person,plural,imperfect,active,subjunctive
δομένῃ	feminine,aorist,middle,participle
ver	spring,season
ποτέροις	masculine,nominative,vocative,plural,teros
daretis	third,person,singular,imperfect,passive,subjunctive
κοίλαιν	feminine,dative,plural,los
aspiraveris	first,person,plural,perfect,active,subjunctive,asp
inconsultus	unusual
existimatus	judge,critic
basiavissent	third,person,singular,pluperfect,active,subjunctive
barbaria	non,greek,roman,citizen
pons	bridge,like,tissue,connecting,two,parts,organ
dispersurus	scattered,about,dispersed
condonabis	second,person,plural,imperfect,passive,indicative,cond
accordance	accordance
σεμνη	feminine,accusative,singular,semn
doctum	having,been,rehearsed,presented,stage
educati	education
aequabilis	equality,uniformity,equability
absurditas	dissonance
egeris	first,person,singular,perfect,active,subjunctive
θελγόμενος	feminine,present,mediopassive,participle
promulgatio	publish,promulgate
ψιλόν	doric,form,lon,feather
evirabaris	second,person,singular,future,passive,indicative,vir
dissentient	dissenting
τεθνηκυια	feminine,accusative,singular,tethn
πραχθεῖσιν	masculine,neuter,dative,plural,khthe
σῳζούσαις	feminine,accusative,plural
καλλιγραφέω	calligraphy,beautiful,writing
rideo	knight
contribuo	second,person,singular,future,active,indicative,contribu
κατά	byzantine,spelling,tta
μεσε	feminine,genitive,plural,sos
παυθησόμενος	neuter,future,passive,participle
transluceo	translucent,transparent
wa	woe,ill
applicant	applying,attaching
ear	ear,organ,hearing
miles	any,similarly,large,distance
robus	hardness
acanthophorous	having,spiny,head,one,the,acanthocephala
disgregare	second,person,plural,present,active,imperative,disgreg
ματη	idly,falsely
verisimilitude	true,likeness
damus	woman
funda	securing,making,firm
iuvencus	young,person
bera	barley
brocc	inflection,broccus,nominative,vocative,plural
toro	bulge,knot
LOL	alternative,letter,case,form,lol
amem	first,person,plural,present,active,subjunctive
dirigitis	third,person,singular,present,passive,indicative,rig
commissio	shirt,chemise,mixture
desiderabant	third,person,plural,imperfect,passive,indicative,der
gracilitas	unadorned,simple
Ph.D.	person,who,holds,degree
copulabis	second,person,plural,imperfect,passive,indicative,pul
allusus	first,person,singular,perfect,active,indicative,all
reprehensibilis	blameworthy,censurable,guilty
densentur	third,person,plural,present,active,subjunctive
νεκρά	feminine,dative,singular,nekr
curaturus	treatment,care,attention
λαμβανούσαις	feminine,accusative,plural
cenaturus	inflection,rus,genitive,dative,feminine,singular
divus	talented
but	button
colaveris	first,person,plural,pluperfect,active,indicative
blatera	babbling
floreus	froth
sil	lava
constabis	second,person,plural,imperfect,active,indicative,nst
fatuus	talk,foolishly
oversleep	simple,past,and,participle,oversleep
devoras	second,person,singular,imperfect,active,indicative,vor
index	inscription
diht	dictate,direct
carbon	carbon
visor	idea,mental,image,appearance
castiganto	third,person,plural,future,passive,imperative,cast
vagor	undecided,fickle
gecynd	natural
παλαιότατος	comparative,degree,lai
erres	hesitate,vacillate
δειναι	feminine,genitive,dative,dual,dein
apparent	third,person,plural,future,active,imperative,app
βαρεῶν	masculine,neuter,genitive,plural
dehisces	second,person,singular,present,active,imperative,deh
adornabamini	second,person,plural,imperfect,passive,subjunctive
devicturus	defeated
cadmium	dross,any,furnace,slag
χεουσα	feminine,accusative,singular
araret	second,person,plural,imperfect,active,subjunctive
aurificina	gold,washing,site
μαλακή	feminine,dative,singular
afremdung	alienate,estrange
βλάψας	inflection,aorist,active,infinitive
americanus	custom,peculiar,the,united,states,americans
rr	abbreviation,rear,where,brevity,desired
denomino	inflection,min,present,active,infinitive,second,person,singular
κινηθείσης	feminine,accusative,plural,the
carus	sedge
κύοντα	masculine,neuter,dative,singular
exaestuaturus	fermented
lain	kind,mastic
αἰθούσης	feminine,dative,singular
discides	cut,pieces,separation,divorce
candeo	shining,glittering
libra	especially,the,will,free,independent,unconstrained
critici	critical,decisive
ratis	established,authoritative
παύσοιμεν	first,person,plural,middle,future,optative
circula	rounding
adescant	second,person,singular,perfect,active,indicative
absolue	loosening
στείχοντι	masculine,neuter,genitive,dative,dual,ste
deplorabant	third,person,plural,future,active,indicative
africus	inflection,fricus,genitive,masculine,neuter,singular
conspirant	second,person,singular,present,active,imperative,nsp
eleves	weaken,lessen
methodus	methodical
continebis	second,person,singular,future,passive,indicative,contine
plumbo	pencil
χαλκοι	masculine,neuter,genitive,dative,dual,lko
addensabimus	first,person,plural,perfect,active,indicative,add
προσκυνῆσαι	proskynesis,prostration,act,obeisance
παρεόντες	masculine,accusative,plural
designes	first,person,singular,present,passive,subjunctive,sign
ferior	vacation
quadra	quarter,digit
annodes	first,person,singular,present,active,subjunctive,ann
commoveo	displacing
direxeris	first,person,plural,pluperfect,active,indicative,rig
debes	second,person,singular,present,active,imperative
pilus	pounder,pestle,cat
ranco	grudge,rancor
debeam	third,person,singular,present,active,subjunctive
dedices	second,person,singular,present,active,imperative,dic
depones	second,person,singular,present,active,imperative
anxiabaris	second,person,singular,future,passive,indicative,anxi
condivissemus	first,person,plural,perfect,active,indicative,condi
acervatis	heaped
donavisti	third,person,singular,perfect,active,indicative
conservor	female,fellow,slave
deliba	first,person,singular,perfect,active,indicative
φίλοιν	masculine,neuter,dative,plural,los
indigeo	needy,indigent
δηλούμενον	feminine,present,middle,passive,participle
puppa	ship
abdo	hide,conceal,keep,secret,cover,suppress,sheathe
ructus	oesophagus
amputarent	third,person,plural,pluperfect,active,subjunctive,amput
consectandus	follower,adherent
ματαιοτέρᾳ	masculine,vocative,singular,tai,teros
inserviens	deferred,served
comerem	second,person,singular,imperfect,active,subjunctive
scurrilis	buffoonery
articularis	second,person,singular,future,passive,indicative,articul
δυστυχία	inflection,genitive,singular
adversaturus	about,turn
discessus	first,person,plural,perfect,active,indicative,disc
delineaveris	first,person,plural,perfect,active,subjunctive
constent	third,person,singular,present,active,subjunctive,nst
copules	first,person,singular,present,passive,indicative,pul,connect
lix	water
pampinatus	tendril
durassent	second,person,singular,pluperfect,active,subjunctive
καταπολεμησάσαις	aorist,middle,infinitive,katapolem
dilaceratus	second,person,plural,present,active,imperative,lacer
amasius	concubine
harundineus	reed,bed
εὔξοος	well,scraped,planed,polished
abalienantor	third,person,plural,present,passive,indicative,abali
recurvatus	bending,backwards
coagulant	second,person,singular,perfect,active,indicative,gul
morus	inflection,rus
populus	plunder
evocares	second,person,singular,pluperfect,active,indicative,voc
sulcus	carve,cleave
caperem	first,person,singular,imperfect,passive,subjunctive,capi
cogitarem	first,person,plural,imperfect,active,subjunctive,git
inaurans	having,been,made,rich
creditus	second,person,plural,present,active,imperative
κατασταθείσας	masculine,accusative,plural,the
examino	second,person,singular,present,active,indicative,min,subjunctive
notus	enjoy
vapor	hypochondria
colasses	first,person,singular,pluperfect,active,subjunctive
derogaveris	first,person,plural,pluperfect,active,indicative,rog
boaremus	first,person,plural,imperfect,passive,subjunctive
cremate	second,person,plural,future,active,imperative,crem
νέκυϊ	masculine,feminine,neuter,dative,singular
admirabilitas	admirable,wonderful,worthy,admiration
πάσχουσα	feminine,nominative,vocative,singular,skh
martyrium	martyrdom
dividus	second,person,singular,present,active,imperative,vid
aggregabatis	second,person,singular,future,passive,indicative,aggreg
paraturus	prepared
suffrago	vote
anhelaris	first,person,singular,imperfect,active,subjunctive,anh
exercitus	exercise,practice
αυλη	flute,player,flautist
dedicent	third,person,singular,present,active,subjunctive,dic
baca	bake
ceraret	second,person,plural,imperfect,active,subjunctive
χαρίεσσαι	feminine,accusative,plural,eis
aspersi	sprinkling
adversor	hostile
hundteontigfeald	hundredth
benedicus	bless,praise,friendly,kindly
agerent	third,person,plural,imperfect,passive,subjunctive
decussatus	decussating
lar	ravenous,seabird
Australianise	alternative,form,australianise
anda	envy
create	bring,into,existence
benzoic	the,spicebush,lindera,benzoin
corniger	hind,female,deer
cella	swell
μεῖναι	aorist,active,participle
ξυνηθεστέρους	comparative,degree
appropinquabimus	first,person,plural,perfect,active,indicative,appropinqu
gescead	shed,scatter
devolve	rolling,down
μεγαλη	feminine,genitive,dative,dual
πετεινοῖς	masculine,nominative,vocative,plural,petein
crescent	third,person,singular,future,active,indicative
πασχουσι	masculine,neuter,dative,plural,skh
albus	first,person,singular,perfect,active,indicative,alb
diliguntor	third,person,plural,future,active,imperative,lig
verro	boar,male,swine
τεχνητός	masculine,accusative,plural,tekhn
areola	inflection,reola,nominative,vocative,plural
deplorent	third,person,plural,present,passive,subjunctive
λαλ	synonym
abnodabitis	third,person,singular,future,passive,indicative,abn
deploranto	third,person,plural,future,passive,imperative
abrades	second,person,singular,future,passive,indicative,abr,shave
last	footstep,track
win	gain
κρατοῦντες	masculine,neuter,dative,singular,krat
barris	clay,mud,elephant
δυναίμεθ'	first,person,plural,aorist,middle,optative
indicator	mentioned,having,been,hinted
iustifico	that,acts,justly
fox	intoxicate
συμπαν	masculine,neuter,genitive,plural
audeo	daring,venturing,risking
animalis	animality
accessor	supernumerary,and,generally,nonfunctional
diliget	second,person,plural,future,active,indicative,lig
quadruplex	set,four,particularly,tuplet,notes
agendum	which,done,made
blac	inflected,infinitive,cian
amicabitis	friendly,capable,being
Sicilisc	accusative,sicilia
cicer	chicken
γαλέα	galley,ship,propelled,primarily,oars
βαρέοιν	masculine,neuter,genitive,dative,dual
flaviceps	yellowing,becoming,yellow
Nigerien	person,from,nigeria,nigerian,descent
andwlita	look,upon
allatro	inflection,all,present,active,infinitive
aggressor	having,approached
νικῶντας	inflection,masculine,accusative,singular
durabilitas	durably
cu	abbreviation,cubitus
βοτηρ	masculine,feminine,neuter,dative,singular,bot
recreatus	restorer,reviver
basis	inferior
dota	second,person,singular,present,active,indicative
introduce	introducing
defendamur	first,person,plural,present,passive,indicative,fend
gield	payer
wohhæmende	adulterer
aspires	second,person,singular,present,active,indicative,asp
coagulum	second,person,singular,present,active,indicative,gul
fuga	flight,escape
colavisset	second,person,singular,pluperfect,active,subjunctive
στεγανή	masculine,vocative,singular,steg
παρεούσῃ	feminine,genitive,singular
palpus	flatterer
mal	mark,spot
alienat	third,person,singular,present,passive,indicative,ali
interstitium	difference,distinction
crispabis	first,person,plural,imperfect,active,indicative
refrigero	cooling
albaveras	second,person,singular,perfect,active,subjunctive,alb
inaugurans	installed,having,been
holocaustum	holocaust
dirigemini	second,person,plural,imperfect,passive,indicative,rig
bete	going
colaveram	first,person,singular,perfect,active,subjunctive
thracius	thracian
alienus	first,person,plural,present,active,indicative,ali,singular
corrigenda	correcting
prolato	appearing,etc
minor	subordinate,threats
conor	inflection,tus,accusative,masculine,singular,cone
amaret	second,person,plural,imperfect,active,subjunctive
abiudica	first,person,singular,present,passive,indicative,abi,dic
spondeus	guarantee
artes	joint
cuticula	inflection,cut,cula,nominative,vocative,plural
delebuntur	third,person,plural,future,active,indicative
expugnatus	conqueror
sæl	happiness
nobilitas	ennobling
commandes	chew
abalienaverant	third,person,plural,perfect,active,indicative,abali
condensabant	third,person,plural,future,active,indicative,cond
medius	ambiguous
perspicue	transparent,clear
compilantor	third,person,plural,future,active,imperative,comp
compiles	first,person,singular,present,passive,indicative,comp
εἰρημέναις	masculine,neuter,dative,plural,eir,nos
celavissent	third,person,singular,pluperfect,active,subjunctive
unitus	sameness,uniformity
mico	mica
crepitus	second,person,singular,present,active,imperative,crepit
aurum	ear
edice	declaring
duce	leading,guiding
δειλάς	feminine,nominative,vocative,plural,deil
στείχοντος	masculine,nominative,vocative,plural,ste
abdicatio	the,act,disowning,disinheriting,child
romanus	alternative,letter,case,form,nus
dicerentur	third,person,singular,imperfect,passive,subjunctive
νυμφαῖος	masculine,accusative,plural,mpha
cauponula	inn
editus	second,person,plural,present,active,imperative,third,singular
copulaveris	first,person,plural,pluperfect,active,indicative,pul
clamaveras	first,person,singular,pluperfect,active,indicative
annex	annexation
colantor	third,person,plural,future,active,imperative
ute	using,employing
dedicetis	second,person,singular,present,passive,subjunctive,dic
βραδεσι	masculine,neuter,dative,plural
deberis	second,person,singular,imperfect,active,subjunctive
dedicaberis	second,person,singular,present,passive,indicative,dic
drag	draw,drag
assimilabimus	first,person,plural,perfect,active,indicative,assimil
bellator	warlike,martial,pugnacious
computabit	third,person,singular,perfect,active,indicative,comput
πυκινούς	masculine,neuter,genitive,singular
census	second,person,singular,present,active,imperative,nse
audiendus	inflection,audiendus,accusative,masculine,singular
colabitis	third,person,singular,future,passive,indicative
εὐρείῃς	feminine,genitive,singular,eur
gestator	bearing,carrying,wearing
προϊόντος	masculine,nominative,vocative,plural,pro
promoveo	propelling,advancing
adornatus	second,person,plural,present,active,imperative
deprecor	second,person,singular,present,active,imperative,prec
τειχίσαι	aorist,middle,infinitive,teikh
annus	second,person,singular,present,active,imperative,ann
deauratis	gilded
chemotropic	kemotaktik
dedicem	first,person,singular,present,passive,subjunctive,dic
delectabatis	second,person,singular,future,passive,indicative,lect
ignescent	becoming,inflamed
crist	the,clitoris
calidus	inflection,calidus,genitive,masculine,neuter,singular
desitus	inflection,situs,genitive,masculine,neuter,singular
bima	two,year,old
acclamabimus	first,person,plural,perfect,active,indicative,accl
heofonisc	divine
delendus	inflection,lendus,accusative,masculine,singular
θαυμαστῇ	masculine,vocative,singular,thaum
γεγονότι	masculine,neuter,genitive,dative,dual,gegon
custodies	first,person,singular,future,active,indicative,cust
καθαρα	feminine,accusative,singular
declames	first,person,singular,present,passive,indicative
gesett	possess,occupy
loquaciter	talkativeness,loquacity
consocius	agree,with
crepitant	rattling
calefaciens	third,person,plural,future,active,indicative,calefaci
condonabimini	second,person,plural,present,passive,subjunctive,cond
cantandae	inflection,cantandus,accusative,masculine,singular
cacuminatus	pointing
emissarium	emissary,scout,spy
copio	plenty,fulness,multitude
admittendus	inflection,admittendus,accusative,masculine,singular
φαυλη	feminine,accusative,singular,pha,los
bibes	inflection,bib,present,active,infinitive
πυκινοι	masculine,neuter,genitive,dative,dual
credis	first,person,plural,present,active,subjunctive
vicia	twenty,times
condonabimus	first,person,plural,pluperfect,active,subjunctive,cond
ξένε	masculine,neuter,dative,singular,nos
abnegabatis	second,person,singular,future,passive,indicative,abneg
κληθέντας	masculine,neuter,genitive,plural,the
nutrition	nutrition
absolution	acquittal,absolving
nazarenus	nazareth
deles	nipple
albescent	whitening,becoming,white
preponderation	preponderating,manner
das	plural,father
plenum	full
accusaberis	first,person,singular,perfect,active,subjunctive,acc
adduces	persuade,move
perpendicular	perpendicular
torr	firebrand
θέλοντας	masculine,neuter,dative,singular
δήσαντες	masculine,accusative,plural
nihtwacu	nightwear
abalienabamus	first,person,plural,imperfect,active,subjunctive,abali
stragulum	covering
κεραῆς	feminine,dative,plural,ker
perturbatio	confuse
pella	parchment
μελαν	inflection,masculine,accusative,singular
area	withering
γεγονότας	masculine,neuter,genitive,singular,gegon
clament	third,person,plural,present,passive,subjunctive
cenaret	second,person,plural,imperfect,active,subjunctive
affliges	overthrow
evangelizatus	preaching,the,gospel
ταχεια	feminine,accusative,singular
aduna	unite,make,one
corrige	correcting
legitimus	confirm,law
admitte	letting
uncus	growl
assiduat	was,applied,constantly
abnodabatis	third,person,singular,imperfect,passive,indicative,abn
formidatus	dreading,fearing
colum	spinning,spun,thread
parallelus	parallelism
commissus	crime
tripudians	danced
adalligatus	attaching
ἀγεῖραι	aorist,active,participle,age
complanto	raze
quadratus	stonecutter
abalienatis	alienated,estranged,having,been
basiares	second,person,singular,present,passive,indicative
accresces	grow,increase
administrabimus	first,person,plural,perfect,active,indicative,administr,subjunctive
adheres	second,person,singular,present,active,imperative,adh
deliberatus	second,person,plural,present,active,imperative,ber
crispabamini	second,person,plural,imperfect,passive,subjunctive
elucubrabitis	second,person,plural,perfect,active,indicative,cubr
benedicant	third,person,singular,present,active,subjunctive,bened
dicaveras	second,person,singular,perfect,active,subjunctive,dic
amarer	second,person,singular,imperfect,passive,subjunctive
confortasti	second,person,singular,perfect,active,indicative
exaltes	first,person,singular,present,passive,subjunctive,exalt
abalienor	inflection,abali,present,active,infinitive
σοῖς	masculine,neuter,genitive,singular
constipa	second,person,singular,present,active,indicative,nst
titul	inscription
πηλίκην	feminine,genitive,singular,kos
αἰσχρέ	masculine,neuter,dative,singular,aiskhr
valetudinarius	hospital,sickbay
condensaverim	first,person,plural,perfect,active,subjunctive,cond
coniectat	connected
constiteris	first,person,plural,pluperfect,active,indicative,nst
πράων	masculine,neuter,genitive,plural
consequus	copy,imitate
τυχούσας	feminine,dative,plural
καυστικός	masculine,neuter,genitive,singular,kaust
adiudicatio	grant,award,something,someone,judge
himalayensis	himalayan
deaurabimus	first,person,plural,perfect,active,indicative,deaur
tabifico	melting,dissolving
transitio	hasten,quickly
demonstrandus	showing
regula	directing
muse	museum
πατρικοί	feminine,nominative,vocative,plural,patrik
πολεμικός	adverse
βδέλυγμα	nausea,sickness
θεραπείας	medical,treatment
λῆνος	coffin,sarcophagus
πολιτικῇ	concubine,mistress
κατοικικός	belonging,the,household
ξανθή	kind,pale,coloured,stone
περιγραφή	cancel,exclude
ἀδαμαντίνοις	adamantine,steel
ἠπειρώτης	female,mainland,dweller,mainlander
λυται	from,luta,place,thessaly
αἰτιωτέροις	comparative,degree
γαμήλιος	masculine,feminine,accusative,plural
γλυκεια	feminine,accusative,singular
δηλω	masculine,feminine,neuter,genitive,plural,los
δειξασα	feminine,nominative,vocative,plural
δεινοῖν	masculine,neuter,dative,plural,dein
δικαιοτάτας	feminine,genitive,singular,kai,tos
θέουσα	feminine,nominative,accusative,vocative,dual
θείσῃ	feminine,nominative,vocative,singular,the
θεισι	masculine,neuter,dative,plural,the
θνητάς	feminine,nominative,vocative,plural,thn
θρασυτάτοις	superlative,degree,thr
κακίοσιν	masculine,feminine,neuter,dative,plural
κακιστη	feminine,accusative,singular,stos
καλέοντας	masculine,neuter,genitive,singular
καλέσαντας	masculine,nominative,vocative,plural
καταλυτέαιν	feminine,dative,plural,katalut
κελευούσας	feminine,nominative,vocative,singular,kele
κινηθεισι	masculine,neuter,dative,plural,the
κυρίαν	inflection,genitive,singular
λαλιστάτας	superlative,degree,los
λυτρωσίμην	feminine,dative,singular,lutr,simos
μέλλουσιν	masculine,neuter,dative,plural
μένοντας	masculine,neuter,genitive,singular
μειζον	masculine,neuter,dative,singular
μυσαρα	feminine,accusative,singular
οὐράνιος	masculine,feminine,accusative,plural,our
πέμποντες	masculine,accusative,plural
πεζῇ	feminine,nominative,vocative,singular,pez
πελωριοι	masculine,neuter,genitive,singular,pel
περιοδικήν	feminine,dative,singular,per
πετειναί	feminine,dative,plural,petein
πλουσίᾳ	masculine,vocative,singular,plo
πολιτικάς	feminine,dative,plural,pol
πράξαντας	masculine,neuter,genitive,plural
σαφεσι	masculine,feminine,neuter,dative,plural
στᾶσαι	feminine,accusative,plural
σχόντι	inflection,skh,masculine,accusative,singular
σώσουσιν	third,person,plural,future,active,indicative
ταχέην	feminine,genitive,singular
τοιάδε	feminine,dative,singular,toi,sde
φαεινήν	feminine,genitive,singular,phaein
φίλτατος	masculine,neuter,dative,plural,tos
χαλκοκορυστῇ	harnessed,bronze,armored,epithet,ares
χρησται	feminine,genitive,dative,dual,khr
ἀάοισθον	third,person,dual,present,middle,optative
ἀγγελέειν	inflection,aorist,active,infinitive
αγχουσα	feminine,genitive,dative,dual,nkh
ἀεκόντοιϊν	masculine,neuter,genitive,dative,dual
sinens	chinese
anesum	relaxation
avuncular	great,uncle
bombis	peal
canonici	canon
competitus	plaintiff
confusi	trouble
cruciatus	crucifying
dicis	trial
er	hedgehog
fatus	fate
favus	support
formicula	ant
fraternus	brotherhood
frumentor	grain
indium	indium
iridium	iridium
labes	labarum,totter,wobble
liberal	freedom
lincturus	licked
minister	accomplice
pluma	embroidered
pontus	ferryboat
possessus	occupier
respecto	respected
seductus	seducer
singular	unprecedented
stud	study
tendor	tendon
vector	passenger
vicinia	neighborhood
vole	willing
antepones	prefer
appendicularis	small,appendage
apputes	compare
arbitres	judge
asta	tricks,stratagems
calculus	pebble,stone
calvor	hairless,bald
caucus	goblet,cup
cleptus	thief
cupis	handle,axle
exaspera	roughen
facio	beauty,loveliness
fag	beech,tree
maledicus	curse
masturbator	masturbate
mora	lingering,loitering
profano	impious,wicked
propinquo	kindred,related
rectum	guide,leader
ren	reindeer,skin
rubus	red,colour
scand	clamber
signum	statue
stuprum	defile
textus	weaver,male
trunco	lopped,docked
uliginosa	wet,damp
vexator	shaken,jolted
blandus	courteously
ferina	brutishly
germane	sincerely
novus	fashionably
perpetuo	forever,perpetually
sir	mermaid,sea,nymph
abactus	cattle,thief
abductor	withdrawn,having,been
abortus	bring,forth,prematurely
adhaereo	cleaving,sticking
agitati	female,equivalent,agit,tor
ambulatio	female,walker
amissum	lost,having,been
amove	withdraw,retire
aro	plough,till
captum	seek,aim
carinus	revile,blame
circumfluo	shine,around,bent,bend
confirmor	encourage,animate,embolden
conturbor	disturb,disquiet
costa	oriental,aromatic,plant
depressus	frequentative,prim
desidera	missing,lacking,needing
destines	intend,devote
dirigis	distribute,scatter
equus	archaic,form,equus
evacues	empty,out
fastidium	disdain,scorn
filo	texture,style,nature
frustratus	deceiver,delayer
infanticidium	child,murderer,infanticide
instructura	someone,who,arranges,something
irrumpo	inflection,irrump
loquacious	diminutive,loqu,talkative
mellifex	honey,bearing,producing,melliferous
obliquo	sidelong,slanting,awry,oblique
ord	command,captaincy,generalship
passerinus	little,sparrow
pulpus	stage,for,actors
quadriga	free,rein,course
salt	dance,jump
vici	wiki,collaborative,website
abalienabunt	third,person,plural,future,passive,indicative,abali
abdicaveram	third,person,plural,pluperfect,active,indicative,abdic
abdicaberis	second,person,singular,perfect,active,subjunctive,abdic
abdes	second,person,singular,present,active,indicative,abd
abiturus	inflection,abit,rus,genitive,masculine,neuter,singular
abiudicabatis	second,person,singular,future,passive,indicative,abi,dic
abiudicavistis	second,person,singular,perfect,active,indicative,abi,dic
abiugabis	second,person,singular,future,passive,indicative,abiug
abiurabitis	third,person,singular,future,active,indicative,abi
abiurabunt	third,person,plural,perfect,active,indicative,abi
abiuror	second,person,singular,present,active,subjunctive,abi
abiurgaveris	second,person,plural,pluperfect,active,indicative,abi
ablacto	inflection,ablact,present,active,infinitive
ablaqueabatis	second,person,singular,future,passive,indicative,ablaque
ablaqueaveramus	second,person,plural,perfect,active,subjunctive,ablaque
ablegaveris	first,person,singular,pluperfect,active,indicative,abl
abneges	refuse,deny,decline,unwilling
abnodabis	first,person,singular,imperfect,active,indicative,abn
abnodatus	third,person,singular,present,passive,indicative,abn
abnodaveris	first,person,singular,pluperfect,active,indicative,abn
abominor	second,person,singular,present,active,subjunctive,min
acclament	third,person,plural,present,passive,subjunctive,accl
accubitatus	the,act,reclining,table
accusaris	first,person,singular,imperfect,active,subjunctive,acc
accusabamus	first,person,plural,imperfect,active,subjunctive,acc
accusabit	third,person,singular,perfect,active,indicative,acc
accuses	first,person,singular,present,active,subjunctive,acc
acheronteus	neuter,nominative,singular,acheront
addensant	third,person,singular,present,active,indicative,add
addubito	inflection,addubit,present,active,infinitive
adnodo	inflection,adn,present,active,infinitive
adorabant	third,person,plural,imperfect,passive,indicative
adorabar	second,person,singular,imperfect,passive,indicative
adorabitis	third,person,singular,future,passive,indicative
adoraverat	third,person,plural,pluperfect,active,indicative
adoror	first,person,singular,perfect,active,indicative,second,present
adornetis	third,person,singular,present,passive,subjunctive
adulteraverunt	third,person,plural,pluperfect,active,indicative,adulter
adulteraberis	second,person,plural,perfect,active,subjunctive,adulter
afflatae	second,person,plural,future,active,imperative,affl
affricatus	second,person,plural,present,active,imperative,affric
ageretis	third,person,singular,imperfect,passive,subjunctive
aggravassent	third,person,plural,pluperfect,active,subjunctive,aggrav
agripeta	inflection,agripeta,genitive,dative,singular
alerem	first,person,plural,imperfect,active,subjunctive
algidus	inflection,algidus,genitive,masculine,neuter,singular
alienanto	third,person,plural,future,passive,imperative,ali
alienent	third,person,singular,present,active,subjunctive,ali
alterem	first,person,singular,present,passive,subjunctive,alter
amicarent	third,person,plural,imperfect,passive,subjunctive
amicatis	second,person,plural,present,active,imperative
amicus	first,person,singular,present,passive,indicative
amputabatis	second,person,singular,future,passive,indicative,amput
angarius	compulsory,service,lord,first,person,plural,present,active
angustiabatis	second,person,singular,future,passive,indicative,angusti
anhelabant	third,person,singular,imperfect,active,indicative,anh
anhelatus	one,who,breathes,with,difficulty
anhelaveris	second,person,plural,pluperfect,active,indicative,anh
anhelabitis	second,person,plural,perfect,active,indicative,anh
animus	inflection,animus,nominative,vocative,plural
annodabis	second,person,plural,imperfect,passive,indicative,ann,singular
annodate	second,person,plural,future,active,imperative,ann
anulus	inflection,nulus,genitive,singular
aperiendus	inflection,aperiendus,accusative,masculine,singular
apertus	inflection,apertus,nominative,vocative,feminine,plural
appellabimus	first,person,plural,pluperfect,active,subjunctive,appell
appropriare	inflection,appropi,present,active,infinitive
aravisset	second,person,plural,pluperfect,active,subjunctive
arcus	second,person,singular,present,active,indicative,arce
arduum	lofty,high,steep,tall,elevated
armus	second,person,singular,present,active,indicative,arm
arrogabam	first,person,singular,imperfect,passive,indicative,arrog
aspirabatis	second,person,singular,future,passive,indicative,asp
aspirabitis	second,person,plural,perfect,active,indicative,asp
assibila	second,person,plural,present,active,imperative,ass,bil
assignes	first,person,singular,present,passive,subjunctive,assign
astrangulabunt	third,person,plural,perfect,active,indicative,astrangul
baculum	diminutive,small,berry
baptises	second,person,singular,present,active,indicative,bapt
basiabat	third,person,singular,future,active,indicative
basiaveram	first,person,singular,perfect,active,subjunctive
bati	unknown,kind,fish
benedicit	third,person,singular,perfect,active,indicative,bened
beryllus	inflection,ryllus,nominative,vocative,plural
bibulus	inflection,bibulus,genitive,masculine,neuter,singular
bivius	inflection,bivius,accusative,masculine,singular
boaretis	third,person,singular,imperfect,passive,subjunctive
boeris	second,person,singular,present,passive,subjunctive
cala	third,person,plural,present,active,indicative,cal
calceabatis	second,person,singular,future,passive,indicative,calce
calciate	second,person,singular,perfect,active,indicative,calci
camera	second,person,singular,present,active,imperative,camer
cantillatus	second,person,plural,present,active,imperative,cantill
capis	first,person,plural,present,active,indicative,capi
captives	first,person,singular,present,passive,subjunctive,capt
castigabamini	second,person,plural,present,passive,subjunctive,cast
cauponulae	inflection,caup,genitive,dative,singular
cauterizo	brand,with,branding,iron
celarent	third,person,plural,imperfect,passive,subjunctive
celarer	second,person,singular,imperfect,passive,subjunctive
celavissem	second,person,singular,pluperfect,active,subjunctive
celebres	place,person,large,numbers,often
cenabat	third,person,singular,imperfect,passive,indicative
cenavissemus	first,person,plural,perfect,active,indicative
cerantor	third,person,plural,future,active,imperative
ceraris	second,person,singular,imperfect,active,subjunctive
circulatus	second,person,plural,present,active,imperative,circul
circumfluus	inflection,circumflu,present,active,infinitive
circumtergeo	twist,turn,around
circumtraho	inflection,circumtrah,present,active,infinitive
ciris	inflection,present,active,infinitive
clamor	second,person,singular,present,active,imperative,first,plural
clues	second,person,singular,present,active,imperative,clue
cogites	first,person,singular,perfect,active,indicative,git
cogitabit	third,person,singular,perfect,active,indicative,git
cogitemus	first,person,plural,present,passive,subjunctive,git
colabis	first,person,plural,imperfect,active,indicative,future
colarer	second,person,singular,imperfect,passive,subjunctive
colarent	third,person,singular,imperfect,active,subjunctive
committatis	second,person,plural,imperfect,active,indicative,committ
commutabis	first,person,plural,future,active,indicative,comm
commutant	third,person,singular,present,active,subjunctive,comm
compilabis	first,person,singular,imperfect,active,indicative,comp
compilatus	third,person,singular,present,passive,indicative,comp
compilavistis	second,person,singular,perfect,active,indicative,comp
compilent	third,person,plural,present,passive,subjunctive,comp
comportare	second,person,plural,present,active,imperative,comport
concurso	second,person,singular,present,active,imperative,concurs
condemnaberis	second,person,plural,perfect,active,subjunctive,condemn
condisco	second,person,singular,present,active,imperative,condisc
condiveram	first,person,singular,perfect,active,subjunctive,condi
condones	first,person,singular,present,passive,indicative,cond
confident	third,person,plural,present,active,subjunctive
confitebor	second,person,singular,future,active,indicative,nfiteor
confiteamur	first,person,plural,present,active,indicative,nfiteor
conformis	second,person,singular,present,active,indicative
conservaberis	second,person,plural,perfect,active,subjunctive,nserv
consociatus	second,person,plural,present,active,imperative,nsoci
constatus	second,person,plural,present,active,indicative,nst
constate	second,person,plural,future,active,imperative,nst
consta	second,person,singular,present,active,subjunctive,nst
consultaberis	second,person,plural,perfect,active,subjunctive,nsult
continebitis	second,person,plural,perfect,active,subjunctive,contine
contristo	inflection,contr,present,active,infinitive
coortus	inflection,coortus,genitive,masculine,neuter,singular
copulatus	third,person,singular,present,passive,indicative,pul
coronaret	second,person,plural,imperfect,active,subjunctive,cor
coronabit	third,person,singular,perfect,active,indicative,cor
corrumpo	second,person,singular,future,passive,indicative,corrump
corvus	inflection,corvus,genitive,singular
cossus	inflection,cossus,nominative,vocative,plural
credebar	second,person,singular,imperfect,passive,indicative
credes	third,person,singular,future,active,indicative
crescat	third,person,plural,present,active,subjunctive
crispet	third,person,plural,present,active,subjunctive
crispetur	third,person,plural,present,passive,subjunctive
crudus	inflection,dus,nominative,vocative,masculine,plural
curatus	second,person,plural,present,active,imperative
debebo	second,person,singular,future,active,indicative,first,passive
debuerant	third,person,singular,pluperfect,active,indicative
declamabatis	second,person,plural,imperfect,active,subjunctive
declares	second,person,singular,present,active,indicative
dedicaret	second,person,plural,imperfect,active,subjunctive,dic
dedicatus	third,person,singular,present,passive,indicative,dic
defensum	driven,away,having,been
defloro	second,person,singular,present,active,indicative
deformo	second,person,singular,present,active,imperative
deit	divinity,deity,the,nature,god
delegabor	second,person,singular,future,active,indicative
deleges	first,person,plural,present,active,indicative,singular,perfect
delegaremus	first,person,plural,imperfect,passive,subjunctive
delentor	third,person,plural,present,passive,indicative
deleveris	second,person,plural,pluperfect,active,indicative,first,perfect
delineate	second,person,plural,future,active,imperative
delineant	third,person,plural,present,active,subjunctive
denigres	blacken,cause,become,black
densabis	second,person,plural,imperfect,passive,indicative
densabamus	first,person,plural,imperfect,passive,indicative
denudate	second,person,singular,perfect,active,indicative
deplorabatis	second,person,plural,imperfect,active,subjunctive
deplorant	second,person,singular,perfect,active,indicative
derogaberis	first,person,singular,perfect,active,subjunctive,rog
destinatum	bound,having,been,fastened
deteget	third,person,plural,future,active,indicative,teg
devius	inflection,present,active,infinitive
dicare	third,person,plural,imperfect,active,subjunctive,dic
dilexeris	first,person,singular,pluperfect,active,indicative,lig
diligitis	second,person,plural,present,active,imperative,lig
diluere	second,person,singular,pluperfect,active,indicative
discedis	third,person,plural,imperfect,active,indicative,disc
discedebam	third,person,singular,imperfect,active,indicative,disc
discedatis	second,person,plural,imperfect,active,indicative,disc
discordatus	second,person,plural,present,active,imperative,discord
disputant	third,person,plural,pluperfect,active,subjunctive,disput
distraho	second,person,singular,future,passive,indicative,distrah
ditasses	first,person,singular,pluperfect,active,subjunctive
divaricatus	second,person,plural,present,active,imperative,ric
diverto	first,person,singular,perfect,active,indicative,vert
divinus	inflection,present,active,infinitive
divulgare	first,person,singular,present,passive,subjunctive,vulg
docendum	which,taught,instructed
donabunt	third,person,plural,future,passive,indicative
donarem	first,person,singular,imperfect,passive,subjunctive
donavisset	third,person,plural,pluperfect,active,subjunctive
doricus	inflection,ricus,genitive,masculine,neuter,singular
educes	second,person,singular,present,active,imperative,duc
efficias	second,person,singular,present,active,indicative,effici
elaboratus	second,person,plural,present,active,imperative,lab
eludes	second,person,singular,future,passive,indicative
emargina	deprive,something,its,edge
emendabatis	second,person,singular,future,passive,indicative,mend
emuto	inflection,present,active,infinitive
eructes	inflection,present,active,infinitive
evacuatus	second,person,plural,present,active,imperative,vacu
evapores	inflection,vap,present,active,infinitive
evinces	second,person,singular,future,passive,indicative,vinc
meter	painter
ungeendodlic	indefinite
los	die
wæpn	arm
þan	thence
gegang	exercise,effect,accomplish
gestaþelod	past,participle,esta,olian
multiplicatio	calculation,involving,multiplication
abba	french,abbot,the,male,head,abbey
germanus	germanic
abbacina	blinding
abomina	abominating
abstraction	separation
acanthocarpous	acanthocarpous
acula	acorn
apologa	rejecting
appende	hanging,suspending
armarium	monastery,librarian
arquatus	curlew
arrideo	pleasing
assentator	having,flattered
asservaturus	observed
aversor	rear
birota	two,wheeled
blattea	purple,colored
cachinnatis	jeering
candefacturus	incandesced
canescent	whitening
carnarium	flesh
carpe	plucking
catenatus	padlock
certatis	wrestled
cinnamomeus	cinnamon
circumductus	period
commentatio	committal
comminutus	polluted
communicant	participating
compellens	appealing
conbusturus	burnt
condensa	condensing,compressing
congeries	collecting
constitutus	arrangement,agreement
consule	consulting
contemerans	moderating
continge	contacting
contuiturus	having,surveyed
cribrans	sifted
degenera	degenerating,deteriorating
diditurus	distributed
diducturus	divided
dilacera	tearing,apart
discriminator	determined
dissideo	disagreeing
emens	having,traversed
emulsurus	exhausted
exossatus	deboning
expiaturus	expiated
exsulaturus	exiled
exuberatus	abounding
flavovirens	yellow,green
foculum	brazier
fulguraturus	glittered
gymnasium	gymnastic
haereseus	heretical
haereticalis	heretical
imperfect	unfinished,incomplete
incepto	enterprise,undertaking
incommodum	troublesome,disagreeable
intricans	entangled
invocatus	summoner,evoker
lacessiturus	excited
mulsum	stroked,touched
murra	muzzle
musa	idly,wait
negotiatio	business
nigritus	blackness
nutricia	nurse
odoro	odorous
opulentia	wealth
pectinans	combed
penetralis	penetrable
perorans	harangued
portentum	predicted,foretold
propositus	purpose,intention
puteus	rotting
quinquiplico	quintuple,fivefold
rarefactus	rarefying
refragans	having,opposed
reprehendo	refutation
responso	refutation
reverbero	rebounding
sartus	mender
sponsalis	marriage,ceremony
stipulans	having,stipulated
struo	heap,pile
temptans	tried,tested
tenus	clinging
triangulus	three,cornered
vaniloquus	idle,talk
abusus	who,misuses
actinopetalus	having,radiating,leaves
adversaria	antagonist,adversary,female
altercaturus	having,argued,with
aspecta	observing,watching,regarding
balat	bleat,bleating
bracia	brew,beer
coaedificans	built,with,others
confugio	refuge,sanctuary,shelter
construe	constructing,building,erecting
stænen	stony,ground
margaritatus	pearl
impensus	expense,outlay,cost
gegangenne	past,participle,egangan
yfelwillendnes	malicious,malevolent
curati	administration,office,public
dispone	disposing,distributing,arranging
diplomaticus	dipl
infitiatus	denying,contradicting,disowning
geondscinan	past,participle,eondsc,nan
ignis	ardent,fervid,vehement
benedicimus	first,person,plural,perfect,active,indicative,bened
