hola	hello
mundo	world
bonjour	hello
monde	world
hallo	hello
welt	world
ciao	hello
mondo	world
aqua	water
agua	water
lingua	language
water	water
jambo	hello
merhaba	hello
привет	hello
мир	world
水	water
नमस्ते	hello
안녕	hello
שלום	peace
γεια	hi
saluton	hello
cześć	hello
świecie	world
gracias	thanks
merci	thanks
danke	thanks
hello	hello
world	world
deus	god
pax	peace
amor	love
šumma	if
dīnu	judgment
tuppu	tablet
lugal	king
nam-tag	destiny
me	alternative letter-case form of I
a-a	father
ὕδωρ	water
φιλοσοφία	philosophy
λόγος	word
ἀρχή	principle
ius	romanization of 𐌹𐌿𐍃
wæter	water
cyning	king
tunge	tongue
wātar-	water
išḫai	king
apa	ice cream cone
rājan	king
dharma	law
καρυᾶτις	caryatid
ποντικόν κάρυον	hazelnut
αἰγιαλός	beach
αἰγοπρόσωπος	goat-faced
αἰγυπιός	vulture
αἰγόκερως	goat-horned
αἰδώς	shame
αἰθήρ	sky
αἰθαλόεις	sooty
αἰκία	insult
αἰνετός	praiseworthy
αἰπόλος	goatherd
αἰπύς	steep
αἰσθητικός	perceptible
αἰσχροσύνη	shamefulness
αἰσχρουργία	obscenity
αἰσχρός	ugly
αἰτία	cause
αἰτιατικός	causal
αἰχμή	war
αἰχμητής	spearman
αἰών	lifetime
αἰώνιος	age-long
αἰώρα	fluctuation
αἱμορραγία	hemorrhage
αἱρεσιάρχης	heresiarch
αἱρετικός	heretical
αἴθινος	blackish
αἴλουρος	cat
αἴνεσις	praise
αἴνιγμα	riddle
αἴσιμος	destined
αἶγες	waves
αἶθοψ	sparkling
αἶνος	tale
αἶσχος	shame
αἷμα	blood
αὐγή	dawn
αὐδή	sound
αὐλή	courtyard
αὐλαία	tent
αὐλικός	courtier
αὐλοθήκη	flute-case
αὐλός	stadium
αὐτοδίδακτος	self-taught
αὐτοπαθής	self-tormenting
αὐτόμολος	deserter
αὐτόχθων	indigenous
αὐχήν	neck
αὐχμός	thirst
αὔλιον	cottage
αὔρα	steam
αὔσπιξ	auspex
αὖλαξ	furrow
βάδιος	child
βάθος	profundity
βάλανος	acorn
βάμβαξ	cotton
βάπτισμα	baptism
βάρβιτος	barbitos
βάρος	weight
βάσις	horoscope
βάταλος	anus
βέκος	bread
βέλεμνον	projectile
βέλος	weapon
βέμβιξ	bumblebee
βένθος	depth
βήξ	cough
βήρυλλος	beryl
βήσσαλον	brick
βίοτος	life
βαθμός	step
βαθύβουλος	deep-counselling
βαθύδενδρος	deep-wooded
βαθύς	thick
βαιός	short
βακτηρία	baton
βαλανεύς	bathman
βαλανηφάγος	acorn-eating
βαλλήν	king
βαμβάκιον	cotton
βαπτισμός	baptism
βαπτιστήριον	swimming-bath
βαρακίνη	thistle
βαρβαρικός	barbaric
βαρυθυμία	sullenness
βαρύς	heavy
βαρύτης	arrogance
βαρύτονος	deep-sounding
βασίλεια	queen
βασίλισσα	empress
βασιλικόν	palace
βασταγή	transport
βαττολογία	stuttering
βατός	passable
βαυβών	dildo
βαυκάλη	cradle
βαφή	dye
βαφεύς	dyer
βδέσμα	stench
βεβαίωσις	confirmation
βεβιασμένος	forced
βελονοθήκη	needlecase
βελόνη	needle
βιβλιοθήκη	bookcase
βιογραφία	biography
βιός	bow
βλάξ	slack
βλέννα	mucus
βλαδύς	weak
βλεφαρίς	eyelash
βληχή	wailing
βλόχον	bdellium
βλύσις	bubbling
βλῆμα	coverlet
βοή	shout
βολίς	die
βολβός	eyeball
βομβύκινος	silken
βοτάνη	herb
βοτήρ	herdsman
βοτανικός	herb-gatherers
βουκέφαλος	thistle
βουνός	mound
βουπόρος	ox-piercing
βουρδών	mule
βουτρόφος	ox-feeding
βούβαλος	buffalo
βούλλα	tin
βούπαις	herdsman
βούτυρον	butter
βοῦς	shield
βρά	brother(s)
βράγχιον	gill
βράσμα	boiling
βράχεα	shallows
βρένδος	deer
βρένθος	tomb
βραδυτής	slowness
βραδύς	slow
βραχίων	arm
βραχύς	short
βραχύτης	shortness
βροντή	thunder
βροτόεις	gory
βροχή	rain
βρόγχος	trachea
βρόχθος	throat
βρύκος	herald
βρῶμα	cavity
βυθός	depth
βωλοκόπος	clod-breaking
βωμίσκος	bandage
βωμός	altar
βόστρυχος	tendril
βύβλος	book
βύσσος	linen
βώκαρος	spring
βῆτα	second
γάγγραινα	gangrene
γάδαρος	donkey
γάλα	milk
γάνος	garden
γέλασμα	smile
γέλως	laughter
γένειον	chin
γένεσις	creation
γέννησις	producing
γένυς	jaw
γέρας	perquisite
γέρδιος	weaver
γέρων	old
γέφυρα	dam
γίγας	mighty
γαβάθα	bowl
γαγγίλη	dewlap
γαζοφύλαξ	treasurer
γαλήνη	calm
γαλακτικός	milk-white
γαλακτοφάγος	milk-fed
γαλαξίας	dogfish
γαληνός	calm
γαμέτης	husband
γαμήλιον	wedding
γαμήλιος	bridal
γαμβρός	son-in-law
γαμετή	wife
γαργαρεών	uvula
γαστήρ	womb
γαφάγας	earthworm
γείτων	neighbour
γεγωνός	loud-sounding
γενέσια	birthday
γενέτης	father
γενεά	birth
γενεαλογία	genealogy
γενεαλογικός	genealogical
γενεαλόγος	genealogist
γενειάς	beard
γενικός	sexual
γεννήτωρ	begetter
γενναῖος	honourable
γεραιός	old
γεωγράφος	geographer
γεωγραφία	geography
γεωδαισία	surveying
γεωμέτρης	surveyor
γεωμετρία	geometry
γεωμόρος	landowner
γεωργία	tillage
γεωργίαι	farms
γεωργός	fertilizing
γεῦσις	food
γλάνος	hyena
γλήνη	eyeball
γλία	glue
γλίσχρος	sticky
γλαυκῶπις	bright-eyed
γλαφυρός	polished
γλεῦκος	sweetness
γλοιός	slippery
γλουρός	gold
γλυκύπικρος	bittersweet
γλυφή	carving
γλυφίς	penknife
γλωσσίς	wryneck
γνάθος	jaw
γνωστός	known
γνωτός	known
γνώμη	opinion
γνώμων	sundial
γνώριμος	well-known
γνῶσις	inquiry
γοεδνός	lamenting
γοητεία	witchcraft
γονή	offspring
γονεύς	parent
γονόρροια	gonorrhea
γράμμα	letter
γραμμικός	geometrical
γραπτός	painted
γραφή	drawing
γραφίς	stilus
γραφεύς	painter
γραφεῖον	pencil
γρυνός	torch
γρόνθος	fist
γρύψ	griffin
γυιός	lame
γυλιός	hedgehog
γυμνασία	exercise
γυμναστικός	gymnastics
γυμνός	mere
γυνή	woman
γυναικεῖος	menstruation
γυρός	round
γυρῖνος	tadpole
γυῖον	limbs
γωλεός	hole
γωνία	cornerstone
γωρυτός	quiver
γόμος	freight
γόνος	seed
γόνυ	knee
γόος	wailing
γύψ	vulture
γύψος	chalk
γῆ	earth
γῦρος	ring
δάκτυλος	finger
δάμαλις	heifer
δάμαλος	calf
δάμαρ	wife
δάνειον	loan
δάος	firebrand
δάπεδον	floor
δάρδα	stain
δάϊος	hostile
δάϊς	battle
δέκτης	beggar
δέλεαρ	bait
δέμα	band
δέμας	body
δέμνιον	bed
δένδρον	tree
δέρη	collar
δέσποινα	lady
δήλωσις	explanation
δίαιτα	arbitration
δίδυμος	twin
δίζα	she-goat
δίκαιος	righteous
δίμιτον	dimity
δίοπος	commander
δίοψις	examination
δίπλαξ	twofold
δίπλωσις	doubling
δίπτυχος	twofold
δίσκος	reliquary
δίστιχος	distich
δίφρος	chariot
δίψα	thirst
δίωξις	prosecution
δαΐς	pinewood
δαίμων	god
δασύς	hairy
δασύτης	aspiration
δείλη	afternoon
δεικτικός	categorical
δειλία	cowardice
δειλός	cowardly
δειλότης	cowardice
δεινόν	danger
δεινός	terrible
δειπνοσοφιστής	deipnosophist
δεισιδαίμων	superstitious
δεκανός	decans
δελφίς	dolphin
δεξιός	fortunate
δεσμοφύλαξ	jailer
δεσμός	bond
δεσποτικός	despotic
δεσπότης	master
δεῖγμα	pattern
δεῖπνον	meal
δηλητήρ	destroyer
δηλητήριος	mischievous
δημαγωγικός	popular
δημιουργός	magistrate
δημοκόλαξ	mob-flatterer
δημός	fat
δηϊοτής	conflict
διάβολος	slanderous
διάγνωσις	distinguishing
διάδημα	headband
διάζωμα	diaphragm
διάθεσις	delivery
διάκονος	servant
διάλυσις	discharge
διάλυτος	relaxed
διάμετρον	hypotenuse
διάρκεια	sufficiency
διάστασις	separation
διάταξις	command
διαίρεσις	divisibility
διαβήτης	siphon
διαβολικός	slanderous
διαγνώμη	decree
διαγραφή	contract
διαγώνιος	diagonal
διαζύγιον	divorce
διαθήκη	covenant
διαθετικός	affecting
διαιρετός	distributed
διαιτός	judge
διακονία	service
διακριτικός	distinctive
διακόσμησις	ornamentation
διαλογή	computation
διαλυσίφιλος	love-dissolving
διαλυτικός	relaxing
διανταῖος	relentless
διαπασῶν	octave
διαρκής	sufficient
διασπασμός	distraction
διαστολή	dilatation
διαφθείρω	corrupt
διαφθορά	destruction
διαφορά	difference
διαύγεια	translucency
διδακτός	instructed
διθυμία	dissension
διθυραμβικός	dithyrambic
δικαίωμα	justification
δικαστής	judge
δινήεις	rounded
διοικοδόμησις	fortification
διουρητικός	diuretic
διπλάσιος	double
δισσός	two
διψηρός	thirsty
διωγμός	persecution
δνόφος	darkness
δογματικός	dogmatic
δοιός	twofold
δολιχός	long
δολιχόσκιος	long
δολιότροπος	crafty
δορατοθήκη	spear-case
δοτικός	generous
δοτός	granted
δουλεία	servility
δοχή	receptacle
δούξ	leader
δοῖδυξ	pestle
δράκαινα	dragoness
δράκος	eye
δράκων	dragon
δρίλαξ	leech
δρίος	copse
δραματικός	dramatic
δραματουργός	contriver
δραχμή	drachma
δρεπάνη	sickle
δρεπάνιον	sickle
δριμύς	sharp
δρυτόμος	woodcutter
δρόμος	racetrack
δρόσος	dew
δρύοψ	woodpecker
δρύϊνος	oaken
δρῖλος	verpus
δρῦς	tree
δυσεντερία	dysentery
δυσκέλαδος	foulmouthed
δυσμενής	hostile
δυστυχία	misfortune
δυωδεκάπλοα	twelvefold
δωδέκατος	twelfth
δωδεκάεδρον	dodecahedron
δωτήρ	giver
δόκιμος	acceptable
δόλος	wiles
δόμα	payment
δόμος	house
δόξα	expectation
δόξις	expectation
δόσις	portion
δύναμις	power
δύσθυμος	repentant
δύσις	hiding-place
δύσπνοος	ill-blowing
δύτης	diver
δώτωρ	giver
δῆ	earth?
δῆλος	visible
δῆρις	battle
δῖος	heavenly
δῶ	house
δῶμα	house
δῶρον	gift
εἰκονικός	counterfeited
εἰκονοκλάστης	iconoclast
εἰκοστός	twentieth
εἰκός	likelihood
εἰκών	image
εἰρήνη	peace
εἰσβολή	beginning
εἰσφορά	contribution
εἱργμός	imprisonment
εἶδαρ	food
εἶδος	sight
εἶλαρ	parapet
εἶρος	wool
εὐαγγέλιον	gospel
εὐαγγελιστής	evangelist
εὐδαίμων	fortunate
εὐεργέτις	beneficent
εὐετηρία	thriving
εὐθηνός	cheap
εὐθύς	straight
εὐλαβής	cautious
εὐλογία	flattery
εὐμεγέθης	large
εὐνή	bed
εὐπαίδευτος	well-educated
εὐπραγία	well-doing
εὐρυπέδιλος	broad-sandalled
εὐρύς	wide
εὐσέβεια	piety
εὐσεβής	holy
εὐφορία	fertility
εὐχή	prayer
εὐώνυμος	ominous
εὔελπις	hopeful
εὔζωνος	unencumbered
εὔληρα	reins
εὔπνοια	fragrance
εὔσκιος	well-shaded
εὔστοχος	well-aimed
εὔτροπος	versatile
εὔτροχος	smooth-running
εὔφρων	cheerful
εὔχαρις	attractive
εὔψυχος	cooling
ζάφελος	violent
ζήτησις	question
ζατρίκιον	chess
ζείδωρος	spelt-giving
ζεστός	hot
ζευγίς	rope
ζεῦγμα	zeugma
ζηλωτής	zealot
ζηλότυπος	jealous
ζημία	penalty
ζιγγίβερις	ginger
ζυγωτός	yoked
ζωή	life
ζωμήρυσις	soup-ladle
ζωμός	bloodshed
ζωστήρ	girdle
ζύγαστρον	fastenings
ζύμη	leaven
θάλασσα	sea
θάνατος	death
θάρσος	courage
θάρσυνος	relying
θάσσω	sit
θέαινα	goddess
θέεινος	sulphur-colored
θέλημα	errand
θέρμη	heat
θέρος	heat
θέσις	deposit
θέτης	mortgager
θήκη	box
θήρα	hunting
θής	mercenary
θίξις	touching
θίς	shoreweed
θαλαμηπόλος	bridal
θαμβός	astonished
θαμύς	crowded
θανάσιμος	deadly
θαρσαλέος	daring
θαυμάσιος	admirable
θαυμαστός	admirable
θεά	goddess
θεία	aunt
θεοειδής	godlike
θεοκρατία	theocracy
θεολογία	theology
θεοπρόπος	prophetic
θεοσεβής	God-fearing
θεράπων	servant
θερμοφύλαξ	kettle
θεσπέσιος	divine
θετικός	arbitrary
θετός	adopted
θεωρητικός	ingenious
θεωρός	spectator
θεῖον	divinity
θεῖος	divine
θηλυκός	feminine
θημών	heap
θηρευτής	hunter
θησαυροφύλαξ	treasurer
θησαυρός	treasure
θιβρός	hot
θλῖψις	pressure
θοίνη	food
θρίξ	hair
θρίψ	woodworm
θρανίον	close-stool
θρασύς	brave
θρόνος	seat
θρύλιγμα	fragment
θρᾶνος	close-stool
θρῆνος	complaint
θρῆνυς	footstool
θρῆσκος	superstitious
θρῶναξ	drone
θυγάτηρ	daughter
θυελλώδης	stormy
θυμολέων	lion-hearted
θυρίς	window
θυρεός	oval
θυροειδής	doorlike
θυρσοφόρος	thyrsus-bearing
θωμός	heap
θύελλα	hurricane
θύον	sandarac
θύρα	door
θύσθλα	sacrifice
θώραξ	corselet
θώς	jackal
θῆλυς	female
θῶμιγξ	cord
κάβουρος	crab
κάθαρμα	offscouring
κάθισμα	seat
κάκη	cowardice
κάλινος	wooden
κάλλος	beauty
κάλπις	pitcher
κάμαξ	tiller
κάμηλος	camel
κάμμορος	ill-fated
κάμον	barley-beer
κάμπη	caterpillar
κάμπος	shark
κάνωπον	elderflower
κάπηλος	innkeeper
κάρα	head
κάρηνον	head
κάρπασος	cotton
κάστρον	fort
κάστωρ	beaver
κάτοικος	inhabitant
κάτοπτρον	mirror
κάττα	cat
κάχληξ	gravel
κέδρος	cedar-oil
κέλης	racehorse
κέλυφος	eggshell
κέλωρ	son
κένταυρος	centaur
κέντρον	penis
κέραμος	tile
κέρμα	fragment
κέστρα	barracuda
κήρ	death
κήρινος	waxen
κίκιννος	ringlet
κίλλιξ	jar
κίνδυνος	battle
κίνημα	movement
κίνησις	motion
κίξιος	cicada
κίχλη	wrasse
καίνωσις	renewal
καίριος	timely
καθέδρα	seat
καθαρισμός	atonement
καθολικός	general
καινότης	novelty
καιρός	measure
κακία	cowardice
κακκάβη	partridge
κακοήθης	malignant
κακοδαίμων	ill-starred
κακοθυμία	malevolence
κακοποιία	injuries
κακουργία	malpractices
κακόθυμος	ill-disposed
κακόμοιρος	ill-fated
κακότης	cowardice
κακόφωνος	ill-sounding
καλαμοθήκη	reed-case
καλκουλάτωρ	accountant
καλλίθριξ	waterwort
καλοήθης	virtue
καλοκαγαθία	gentlemanliness
καλόγηρος	venerable
καλός	beautiful
καμίσιον	shirt
καμηλοπάρδαλις	giraffe
καμπτήρ	bend
κανδυτάνη	clothes-press
κανθός	eyelids
κανθύλη	swelling
κανονικός	clergyman
κανών	monochord
καπνός	smoke
καράβιον	ship
καρδία	heart
καρκίνος	crab
καρπός	fruit
καρτερός	steadfast
καρτερόχειρ	strong-handed
καρυκεύω	embroil
καρχαρίας	shark
καρωτόν	carrot
κασίγνητος	brother
κασαλβάς	strumpet
κασιγνήτη	sister
κασσίτερος	tin
καστόριον	castoreum
κασωρίς	strumpet
κατάβασις	descent
κατάληξις	cadence
κατάληψις	seizing
κατάλογος	enrolment
κατάλυμα	guestchamber
κατάνη	grater
κατάρροος	downflowing
κατάστασις	platform
κατήγορος	accuser
κατήχησις	communication
καταβοή	outcry
καταγελαστής	mocker
καταθνητός	mortal
καταλυτήρ	arbitrator
καταλύτης	lodger
καταπάλτης	catapult
καταπληκτικός	terrible
καταπύγων	lecherous
καταρράκτης	waterfall
κατασκευή	manipulation
κατασκευαστικός	systematic
καταστροφή	overturning
κατηχούμενος	catechumen
κατοικία	habitation
κατοικίδιος	domestic
κατορχίτης	fig-wine
κατουλάς	shrouding
καυλός	shaft
καυστός	burnt
καυτός	burnt
καχέκτης	disaffected
καῦμα	fever
κειρία	grave-clothes
κελλίον	garret
κενόν	vacuum
κενός	empty
κεράσιον	cherry
κεραμίς	roof-tile
κεραμεύς	potter
κεραός	horned
κερκίς	tibia
κεφαλή	head
κεῦθος	innermost
κηθίς	dicebox
κηλίς	naevus
κηπεύς	gardener
κηρίον	honeycomb
κηρός	beeswax
κιθάρα	lyre
κιλλός	grey
κιννάβαρι	vermilion
κλάδος	arm
κλάστης	vinedresser
κλέμμα	theft
κλέος	rumour
κλέπτης	thief
κλίνη	bed
κλίσις	turning
κλαγερός	screaming
κλανίον	bracelet
κλαστός	broken
κλεινός	famous
κλειτορίς	clitoris
κλεμμύς	tortoise
κλεπτήρ	thief
κλεψύδρα	pipette
κληδών	omen
κληρικός	clergyman
κληρονομία	inheritance
κληρονόμος	heir
κλητικός	invocatory
κλιμακτηρικός	climacteric
κλινικός	bedridden
κλισία	hut
κλισμός	couch
κλοπή	theft
κλωβός	birdcage
κλωστήρ	spindle
κλύδων	splashing
κλώψ	thief
κλῆσις	vocation
κλῖμαξ	ladder
κμέλεθρον	beam
κνήμη	shin
κνημίς	greave
κνώδων	sword
κοίτη	riverbed
κοιμητήριον	bedroom
κοινωνικός	social
κοινόβιος	monastery
κοινός	common
κοιτίς	box
κοκκίον	pill
κοκκύγινος	purple-red
κοκκύμηλον	plum
κολεόπτερος	sheath-winged
κολοσσιαῖος	colossal
κομήτης	comet
κομμωτής	hairdresser
κομόων	long-haired
κοντάριον	spear
κονταριοθήκη	spear-case
κοντός	short
κοπή	slaughter
κοπροφάγος	dung-eating
κοράκινος	raven-black
κοράλλιον	coral
κοραξός	raven-black
κορδύλη	club
κορνουκόπιον	fibula
κορριγία	thong
κορύνη	mace
κορώνη	crow
κοσμητής	adorner
κοσμικός	secular
κοσμιότης	orderliness
κοσύμβη	topknot
κοτύλη	cymbals
κουβαρίς	woodlouse
κουρίδιος	wedded
κούρευμα	shearing
κοῖλος	plate
κοῖτος	bed
κράββατος	couch
κράμβη	cabbage
κράμβος	dry
κράνος	helmet
κράστις	greenfodder
κράτησις	possession
κράτος	might
κρήνη	waters
κρίκος	ring
κρίμα	decision
κρίμνον	crumbs
κρίνον	lily
κρίσις	decision
κρίτανος	terebinth
κραιπάλη	hangover
κρασίον	winecup
κρατύς	strong
κρεμαστήρ	cremaster
κρεῖον	meat-tray
κρημνός	labia
κριθή	barley
κριτήρ	interpreter
κριτήριον	lawsuit
κριτής	umpire
κριός	sea-monster
κροκόδειλος	lizard
κρουνός	watercourse
κρυμός	frost
κρυπτάδιος	secret
κρυπτήριον	dungeon
κρυπτικός	obscuring
κρυστάλλινος	icy
κρυφαῖος	hidden
κρόκη	thread
κρόκινος	yellow
κρόμμυον	onion-market
κρόταφος	temple
κρότος	clapping
κρύος	frost
κρύσταλλος	ice
κρύφιος	occult
κρᾶμα	mixture
κρᾶσις	temperament
κρῆθμον	samphire
κτίλος	ram
κτείς	rake
κτηνοβάτης	bestialist
κτῆνος	livestock
κτῆσις	property
κυανοχαίτης	dark-haired
κυανόπτερος	dark-winged
κυβέρνησις	government
κυβερνισμός	government
κυδάλιμος	glorious
κυδνός	glorious
κυδοιμός	tumult
κυκλικός	circular
κυνάγχη	tonsilitis
κυνηγός	hunter
κυνικός	doglike
κυνοκέφαλος	baboon
κυνοπόταμος	beaver
κυνόδους	fang
κυνόμυια	dog-fly
κυνώπης	shameless
κυριακόν	church
κυσήγη	pomegranate
κωκυτός	lamentation
κωλυτήριος	preventive
κωλόβαθρον	stilt
κωμικός	comic
κωμῳδία	comedy
κωφός	blunt
κόκκινος	scarlet
κόκκος	testicle
κόλλα	glue
κόλουρος	truncated
κόμμα	chaff
κόνις	dust
κόπαιον	piece
κόπανον	pestle
κόπρος	dung
κόραξ	cormorant
κόρις	bedbug
κόρος	soldier
κόρυς	helmet
κόσκινον	sieve
κόσμιος	ordered
κόσμος	Universe
κόσσυφος	blackbird
κότταβος	cottabus
κόττος	chicken
κόφινος	basket
κόχλος	kohl
κύανος	azurite
κύβη	head
κύβιτον	elbow
κύβος	square
κύδος	taunt
κύκλος	marketplace
κύκνος	swan
κύλλας	puppy
κύμβαλον	cymbal
κύμινον	cumin
κύνικλος	rabbit
κύριος	main
κύστις	bladder
κώδων	bell
κώρυκος	scrotum
κῆδος	troubles
κῆρ	heart
κῆρυξ	auctioneer
κῆτος	abyss
κῶας	fleece
κῶμα	coma
κῶνος	cone
λάβρος	hasty
λάκτις	pestle
λάρναξ	bathtub
λάρυγξ	larynx
λάσιος	hairy
λάχανον	vegetables
λάχνη	leafage
λάψα	turnip
λάϊνος	stonehearted
λέαινα	lioness
λέκτρον	bed
λέπρα	leprosy
λέχος	bier
λέων	lion
λήθαργος	forgetful
λήθη	oblivion
λήϊτον	town-hall
λίβανος	frankincense
λίγδος	mortar
λίκνον	cradle
λίμνη	sea
λίνεος	flaxen
λίς	lion
λίστριον	spoon
λίψ	southwest
λαβίς	forceps
λαγών	womb
λαγώς	hare
λαγῷος	delicacy
λαθιφροσύνη	forgetfulness
λαιός	awkward
λακέτας	cicada
λαλαγή	prattle
λαμπάδιος	torch-bearing
λαμπάς	lamp
λαμπαδιστής	torchbearer
λαμπαδοποιός	torchmaker
λαμπαδουχία	torch-carrying
λαμπαδόεις	torchbearing
λαμπαδώδης	torchlike
λαμπρός	decisive
λαμπτήρ	lighter
λαπαρός	hollow
λατρεία	service
λατρευτικός	servile
λατρευτός	servile
λαυκανίη	throat
λαϊκός	layman
λαός	people
λαύρα	bazaar
λείτωρ	priest
λεγεών	legion
λειτουργία	ministration
λειτουργός	minister
λεοντέη	lionskin
λεπτίον	jar
λευγαλέος	sorry
λευκομέλας	grey
λευκόπτερος	white-winged
λευκώλενος	white-armed
ληΐς	booty
ληπτός	apprehended
λιβανωτίς	rosemary
λιβανωτός	frankincense
λιγνύς	soot
λιγύς	clear
λιθόκολλα	cement
λιμήν	harbor
λιμενάρχης	harbour-master
λιμενοφύλαξ	harbour-watcher
λιμοκτονία	fasting
λιμφός	informant
λιμώδης	hungry
λινουργός	linen-weaver
λινόσπερμον	linseed
λιπαρές	persistence
λιπαρής	persistent
λισσός	smooth
λιτή	prayer
λιτανεία	entreaty
λιτός	simple
λογεῖον	mouth
λογισμός	numbers
λογιστικός	reasonable
λογογράφος	chronicler
λογοθέτης	auditor
λοετροχόος	bath-pourer
λοιμός	plague
λοξότης	obliquity
λοπάς	pan
λοπός	peel
λουτήρ	bathtub
λοῦσις	cleaning
λυγγούριον	amber
λυκάβας	year
λυκοπάνθηρ	jackal
λυπρός	worthless
λυρικός	lyrist
λυριστής	lyrist
λυσιμελής	limb-relaxing
λυσιτελής	cheap
λυτρώσιμος	redeemable
λυχνοῦχος	lampstand
λωτός	flute
λόγιον	announcement
λόγιος	oracular
λόξωσις	obliquity
λόχος	ambush
λύγξ	lynx
λύκαινα	wolf
λύκος	wolf
λύμη	maiming
λύσις	parting
λύσσα	rage
λύτρον	recompense
λύχνος	lamp
λώβηξ	vulture
λᾶας	stone
λῃστικός	piratical
λῆθος	concealment
λῆνος	wool
λῆρος	delirium
λῆψις	assumption
μάγδωλος	watchtower
μάγειρος	cook
μάγνης	magnet
μάγος	magical
μάδρυα	plums
μάκαρ	blessed
μάκελλον	enclosure
μάλδακον	bdellium
μάλκη	chilblain
μάμμη	mamma
μάννα	manna
μάννος	necklace
μάντις	mantis
μάραθον	fennel
μάρη	hand
μάρτυς	witness
μάστιξ	horsewhip
μάταιος	vain
μάτρυλλος	pimp
μάχη	battle
μέγαρον	tomb
μέγας	great
μέδος	mead
μέδων	ruler
μέθη	drunkenness
μέθυ	wine
μέλαν	ink
μέλας	indistinct
μέλι	honey
μέλισσα	bee
μέλος	tune
μένος	mind
μέρισμα	part
μέσος	half
μέταλλον	metal
μέτρον	metre
μήνη	moon
μήτηρ	mother
μίλτος	blood
μίμησις	simulation
μίσθιος	mercenaries
μαγαζίον	warehouse
μαγειρική	cookery
μαγικός	magical
μαδαρός	bald
μαθηματική	mathematics
μαθηματικός	astronomical
μαιευτική	maieutics
μακεδονήσιον	parsley
μακροθυμία	forbearance
μακρόουρος	long-tailed
μακρός	long
μαλάχη	mallow
μαλακία	softness
μαλακός	soft
μαμμία	mommy
μαμωνᾶς	wealth
μανδήλη	towel
μανικός	extravagant
μαντεῖον	oracle
μανός	porous
μαραντικός	withered
μαργαρίτης	pearl
μαρμαρουργός	marble-mason
μαρούλιον	lettuce
μαρτυρία	testimony
μαρτύριον	martyrdom
μασγίδιον	mosque
μαστίχη	mastic
μαστιγοφόρος	scourge-bearing
μαστόδετον	breastband
μαῖα	midwife
μείς	month
μείων	less
μείωσις	diminution
μεγάθυμος	great-hearted
μεγαλήτωρ	greathearted
μεδέων	guardian
μεθοδικός	first-aid
μελάγχλαινος	black-cloaked
μελάνθριξ	black-haired
μελάνιον	ink
μελέδημα	care
μελέτημα	examples
μελίγλωσσος	honey-tongued
μελαγχολικός	melancholic
μελανοπλόκαμος	black-haired
μελανόκολπος	dark-bosomed
μελανόπτερος	black-winged
μελιηδής	honey-sweet
μελισσουργός	beekeeper
μερίς	contribution
μερικός	partial
μερισμός	division
μεριστός	divisible
μεστός	full
μετάβολος	changeable
μετάθεσις	transposition
μετάστασις	change
μετάφρασις	translation
μεταγγισμός	decantation
μετανάστασις	migration
μεταφορά	transference
μεταφυσικός	metaphysical
μετοχή	participation
μετρητός	measurable
μετρικός	metrical
μετριότης	moderation
μετωνυμία	metonymy
μετόπη	metope
μηκώνιον	opium
μηλάτης	shepherd
μηλωτή	sheepskin
μηνίσκος	crescent
μηνολόγιον	calendar
μηρός	leg-bones
μητίετα	counselor
μητροκοίτης	motherfucker
μητρυιά	stepmother
μητρῷος	maternal
μιαρός	ugly
μικρολογία	pettiness
μικρόψυχος	mean-spirited
μιξόθηρ	half-beast
μισάνθρωπος	misanthropic
μισητία	greed
μισητός	repugnant
μισθαποδοσία	recompense
μισθοφόρος	mercenary
μνήμων	mindful
μνημοσύνη	memory
μνηστός	wedded
μολπή	dance
μονάς	unit
μοναρχία	monarchy
μονογενής	unique
μονοειδές	uniformity
μονοειδής	unique
μονότονος	obstinate
μορφή	appearance
μουσική	subject and art of music
μουσικός	accomplished
μοῖρα	degree
μυελός	marrow
μυθολογία	story-telling
μυθολόγος	mythological
μυκτήρ	nostril
μυλών	millhouse
μυριστικός	fragrant
μυρμηδών	ant-nest
μυρμηκολέων	antlion
μυροβλύτης	myroblyte
μυρωδία	fragrance
μυωπία	shortsightedness
μωρόν	foolishness
μόλυβδος	graphite
μόναρχος	dictator
μόνος	only
μόριον	particle
μόρον	blackberry
μόρος	corpse
μόρφωσις	shaping
μόσχος	leafstalk
μύαξ	sea-mussel
μύκων	heap
μύρμηξ	ant
μύρρα	myrrh
μύστρον	spoon
μύτις	snout
μύωψ	shortsighted
μῆκος	longitude
μῆλον	apple
μῆνιγξ	membrane
μῆνις	rage
μῆριγξ	bristle
μῆτις	skill
μῖσος	hatred
μῦς	mouse
μῶλυς	soft
νάρκωσις	benumbing
νέατος	uttermost
νέκρωσις	mortification
νέκυς	corpse
νέος	new
νέπους	descendant
νέφος	cloud
νήκτης	swimmer
νήποινος	unavenged
νίψ	snow
ναγεύς	pestle
ναμέρτεια	truth
ναστός	close-pressed
ναυάγιον	shipwreck
ναυκληρία	voyage
ναυτίλος	seaman
νειός	fallow-land
νεκρομαντεία	necromancy
νεκρόμαντις	necromancer
νεκρός	dead
νεκτάρεος	fragrant
νευρά	bowstring
νεφέλη	sublimate
νεφέλιον	nebula
νεφρός	kidney
νεότας	youth
νεότης	youth
νεόφυτος	newly-planted
νεῖκος	victory
νεῦμα	direction
νεῦρον	nerve
νηκτός	swimming
νηλεής	unpitied
νημερτής	unerring
νηρόν	water
νηστεία	fasting
νικητής	conqueror
νικηφόρος	victorious
νιπτήρ	washbasin
νοητικός	intellectual
νομάς	prostitute
νομή	pasturage
νομεύς	owner
νοτερός	rainy
νοῦσος	plague
νυμφών	paradise
νυσταγμός	drowsiness
νυός	daughter-in-law
νωδός	toothless
νόημα	perception
νόννος	father
νόσος	plague
νότιος	southern
νύμφη	niche
νύξ	night
νώνυμος	inglorious
νᾶνος	dwarf
νᾶπυ	mustard
νῆμα	silk
νῆσος	island
νῆστις	hungry
ξένος	foreign
ξέσις	planing
ξανθισμός	blondness
ξηρός	dry
ξιφοθήκη	scabbard
ξιφομάχαιρα	sabre
ξυλικός	timber
ξυνειδώς	accomplice
ξυροθήκη	razor-case
ξυρόν	razor
ξυστίς	scraper
ξυστόν	xyston
ξύλον	tree
ξύστρα	strigil
οἰζυρός	miserable
οἰζύς	woe
οἰκέτης	household
οἰκήτωρ	inhabitant
οἰκίδιος	domestic
οἰκετεύω	inhabit
οἰκεῖος	friendly
οἰκοφύλαξ	house-guard
οἰνάνθη	vine
οἰνάς	bryony
οἰνοχόος	cupbearer
οἰχόμενος	dead
οἴαξ	helm
οἴζυος	wretched
οἴκημα	brothel
οἶκος	house
οἶκτος	wailing
οἶμος	stripe
οἶος	only
οὐδέτερος	neither
οὐδός	threshold
οὐράνια	rain
οὐράνιος	heavenly
οὐρήθρα	urethra
οὔριος	prosperous
οὖδας	floor
οὖθαρ	udder
οὖρον	urine
οὖρος	guardian
οὖς	ear
πάγιος	solid
πάγκρεας	pancreas
πάγουρος	crab
πάθος	disease
πάλμυς	king
πάνθηρ	panther
πάντιμος	all-honourable
πάππας	papa
πάππος	grandparents
πάπυρος	paper
πάρδαλις	leopard
πάροδος	side-entrance
πάστιλλος	pastille
πάτελλα	basin
πάτος	floor
πάτρα	fatherhood
πέλαγος	sea
πέλωρον	monster
πέμπτος	fifth
πέμφιξ	breath
πένης	poor
πένθος	mourning
πέος	penis
πέπλος	peritoneum
πέπτρια	baker
πέραμα	ferry
πέρας	end
πέρδιξ	partridge
πέρνα	ham
πέταλον	slice
πέψις	fermentation
πήληξ	helm
πίθηκος	dwarf
πίναξ	board
πίσσα	pitch
πίστις	credit
πίσυγγος	shoemaker
πίτα	pie
πίτυς	pine
πίων	wealthy
παίκτης	player
παγκρατής	all-powerful
παθητικός	pathetic
παιάν	paean
παιδαγωγία	teaching
παιδεία	upbringing
παιδοπόρος	childbearing
παιών	paeon
παλίνδρομος	uncertain
παλαιστής	wrestler
παλαιός	old
παλινδρομικός	recurring
παναίολος	manifold
πανακής	all-healing
πανδοκεῖον	inn
παννυχίς	vigil
παννύχιος	all-night
πανουργία	knavery
πανός	torch
παπαγᾶς	parrot
παράδειγμα	paradigm
παράδοσις	tradition
παράκλησις	consolation
παράκοιτις	wife
παράλειψις	neglect
παράλλαξις	alternation
παράλυσις	paralysis
παράφρασις	paraphrase
παρένθεσις	insertion
παρένταξις	insertion
παρήϊον	cheek
παραίτησις	deprecation
παραβλέπω	overlook
παραβολή	venture
παραγωγή	massage
παρακλαυσίθυρον	paraklausithyron
παραλληλεπίπεδον	parallelepiped
παραλληλόγραμμος	parallelogram
παραλληλότης	repetition
παραλυτικός	paralyzed
παραπέτασμα	mantlets
παραστάς	vestibule
παρεγκεφαλίς	cerebellum
παρειά	cheek
παρεκβολή	digression
παρεμβολή	parenthesis
παρθένος	virgin
παροινικός	drunk
παρονομασία	derivative
παροξύτονος	paroxytone
παρῳδία	parody
παστάς	colonnade
παστοφόρος	pastophorus
παταγέω	chatter
πατρικός	ancestral
παχυδάκτυλος	thick-fingered
παχύδερμος	thick-skinned
παχύς	thick
παῖς	child
παῦρος	short
πεδίον	metatarsus
πεζός	prosaic
πειθός	persuasive
πειθώ	persuasion
πεινώδης	hungry
πειρασμός	temptation
πελαργός	stork
πελώριος	monstrous
πεμπτός	sent
πενθερά	mother-in-law
πενθερός	father-in-law
πεντάγωνον	pentagon
πεντάγωνος	pentagon
πεντάφυλλος	five-leaved
πεντεκαιδέκατος	fifteenth
πεντεκαιδεκαπλασίων	fifteen-fold
πεντηκοστός	fiftieth
πεπτός	cooked
περίδρομος	circuit-judges
περίλοιπος	surviving
περίλυσις	cancellation
περίνεως	supercargo
περίοδος	circumference
περίοικος	neighboring
περίπτωσις	experience
περίσκεπτος	admired
περίστυλον	peristyle
περιβολή	circumnavigation
περιδέξιος	ambidextrous
περιδέραιον	necklace
περικάρπιον	bracelet
περικοπή	section
περιπέτεια	turnaround
περισσός	spare
περιστερά	pigeon
περιστερεών	dovecote
περιτομή	circumcision
περιφέρεια	circumference
περιφραστικός	periphrastic
περόνη	radius
πετροσέλινον	parsley
πεύκη	pine
πεῖσα	obedience
πεῖσις	persuasion
πηγός	white
πηκτός	compacted
πηνίον	bobbin
πιθηκοειδής	apelike
πικρόχολος	splenetic
πινάκιον	tablet
πινακόγραφος	mapmaker
πινυτός	prudent
πιστάκιον	pistachio
πιττάκιον	message
πλάγος	side
πλάνης	planet
πλάσις	training
πλάστρον	earring
πλέγμα	wickerwork
πλαδαρός	insipid
πλακόεις	flat
πλανήτης	planet
πλαστή	mudwall
πλαστός	formed
πλατύς	wide
πλατύφυλλος	broad-leaved
πλείων	more
πλεκτός	wreathed
πλεονασμός	surplus
πλεύμων	lung
πλεῖος	full
πλεῖστος	most
πληθώρη	fullness
πλουτηρός	enriching
πλωτός	floating
πλόος	sailing
πλώϊμος	seaworthy
πλῆκτρον	spur
πλῆσμα	impregnation
πνεύμων	lung
πνεῦμα	air
πνοή	breath
ποίησις	creation
ποίμνη	flock
ποδαγρικός	gouty
ποδαγρός	gouty
ποιήτρια	poetess
ποιητός	made
ποιμήν	shepherd
ποινή	compensation
ποιόν	quality
ποιότης	quality
πολέμιος	adverse
πολίτης	citizen
πολεμήϊος	warlike
πολεμικός	hostile
πολιτικός	civic
πολυάνθρωπος	numerous
πολυγαμία	polygamy
πολυποίκιλος	much-variegated
πολυπράγμων	overbusy
πολυπραγμοσύνη	polypragmosyne
πολυτέλεια	magnificence
πολυχρονικός	long-lived
πολυχρόνιος	long-lasting
πολύγωνον	polygon
πολύγωνος	polygon
πολύκμητος	laborious
πολύπους	many-footed
πολύπτυχος	manifold
πολύτροφος	nutritious
πομφόλυξ	blister
πονηρός	oppressive
ποντοπόρος	seafaring
πορεία	journey
πορθμός	sea
πορνεία	idolatry
πορνικός	prostitutional
πορνοβοσκός	brothelkeeper
ποσότης	quantity
ποτήρ	drinking-cup
ποταμός	river
ποτόν	drink
ποτός	drinkable
πούς	foot
πρέσβυς	ambassador
πρίσμα	prism
πρίων	saw
πραικόκιον	apricot
πραπίς	midriff
πρατήρ	seller
πραότης	gentleness
πρεσβεία	embassy
πρεσβύτερος	presbyter
πριαπισμός	priapism
πριστήρ	saw
προγόνιον	stepchild
προκοπή	improvement
προκυμία	breakwater
προοίμιον	hymn
προπαροξύτονος	proparoxytone
προσήκων	concerning
προσήλυτος	sojourner
προσαγωγή	acquisition
προσαγωγός	attractive
προσδοκία	expectation
προσευχή	prayer
προσκήνιον	proscenium
προσκεφάλαιον	pillow
προσοχή	attention
προσπαθής	impressionable
προσπόρισμα	corollary
προστάτης	suppliant
προσφερής	serviceable
προσφορά	offering
προσωπεῖον	mask
προφήτης	prophet
προφυλακτικός	prophylactic
πρωκτός	anus
πρωτοτόκια	primogeniture
πρωτόγονος	high-born
πρωτός	destined
πρωτότοκος	first-born
πρωτότυπος	archetypal
πρόβατον	sheep
πρόγνωσις	foreknowledge
πρόγονος	progenitor
πρόγραμμα	program
πρόθειος	great-uncle
πρόληψις	anticipation
πρόμος	chief
πρόνοια	providence
πρόνοος	careful
πρόοδος	procession
πρόπαππος	great-grandfather
πρόσθεσις	application
πρόσκωπος	rower
πρόσοικος	neighbor
πρόστυλος	portico
πρόσωπον	face
πρόταξις	prefixing
πρότασις	proposition
πρότερος	superior
πρόφρων	zealous
πρώξ	dewdrop
πρώϊμος	early
πρᾶξις	act
πρᾶος	soft
πρῖγκιψ	prince
πρῶτος	first
πτέρνη	heel
πτίλωσις	plumage
πτερυγοειδής	winglike
πτερωτός	feathered
πτερόν	feather
πτηνός	flying
πτισάνη	barley-gruel
πτολίεθρον	city
πτυχή	fold
πτωχή	beggarwoman
πτωχοτροφεῖον	poorhouse
πτωχός	beggar
πτόρθος	sprouting
πτύσμα	sputum
πτώξ	coward
πτῶμα	fall
πτῶσις	case
πυγή	rump
πυγμή	fist
πυγμαῖος	dwarfish
πυκνός	thick
πυξίς	cylinder
πυρά	watchfires
πυράγρα	forceps
πυραμίς	pyramid
πυργοφύλαξ	tower-guard
πυρετός	heat
πυροβόλος	flame-throwing
πυρρός	tawny
πυρσοφόρος	torch-bearer
πυρσός	watchfires
πυρός	wheat
πυός	beestings
πωρός	miserable
πόκος	wool
πόλις	city
πόλος	dowel
πόπειος	sailor
πόρος	resource
πόσθη	penis
πόσις	husband
πότιμος	drinkable
πότνια	mistress
πύματος	outermost
πύξος	boxwood
πύργος	tower
πύρωσις	burning
πώγων	beard
πῆμα	misery
πῆνος	web
πῖσος	meadow
πῦρ	fire
πῶμα	lid
πῶρος	tuff
σάγος	cloak
σάκτας	sack
σάκχαρ	sugar
σάλος	earthquake
σάπφειρος	sapphire
σάπων	soap
σάρδιον	sardine
σάρξ	body
σάτυρος	satyr
σέβασις	reverence
σέλας	shine
σέλινον	celery
σέσοψ	fish
σήκωμα	makeweight
σήρ	silkworm
σής	moth
σήσαμον	sesame
σίαλον	spittle
σίγλος	earring
σίδηρος	iron
σίδιον	pomegranate-peel
σίλφιον	laserwort
σαίνουρος	tail-wagging
σαθρός	impotent
σανίς	board
σαρδόνυξ	sardonyx
σαρκασμός	sarcasm
σαρκοφάγος	sarcophagus
σαρκώδης	fleshy
σατίνη	chariot
σατυρίασις	satyriasis
σαυκός	dry
σαύνιον	javelin
σαύρα	lizard
σειρά	chain
σεισμός	shaking
σελήνη	moon
σεληνίτης	moonstone
σεληνιακός	epileptic
σεμνολογία	boasting
σεπτός	august
σεράφ	seraph
σεργοί	deer
σεῖστρον	sistrum
σημείωμα	records
σημεῖον	watchword
σηπία	cuttlefish
σητόδοκις	butterfly
σιγή	silence
σιδηροθήκη	armoury
σιδηρουργεῖον	iron-mine
σιρός	pitfall
σιτίον	grain
σιτοποιΐα	bread-making
σιωπή	silence
σιωπητικός	taciturn
σιώπησις	taciturnity
σκάλα	ladder
σκάριφος	planing
σκάρος	parrotfish
σκάφη	cradle
σκέλος	leg
σκέπας	covering
σκέπη	shade
σκίναρ	body
σκίουρος	squirrel
σκαληνός	odd
σκαμβός	bow-legged
σκαμμωνία	scammony
σκαμνίον	bench
σκελετός	skeleton
σκεπάρνιον	pier
σκευοφύλαξ	storekeeper
σκεῦος	genitalia
σκηνή	tent
σκηνογράφος	scene-painter
σκηνογραφία	illusion
σκηπτοῦχος	beadle
σκιά	shadow
σκιερός	faint
σκλήρωσις	hardening
σκληρός	hard
σκληρότης	stubbornness
σκολόπενδρα	millipede
σκοπιά	watchtower
σκορπίζω	dissipate
σκορπίος	scorpion
σκωραμίς	nightstool
σκόλυθρον	stool
σκόπελος	peak
σκόροδον	garlic
σκόρπαινα	scorpionfish
σκότος	blindness
σκύλιον	dogfish
σκώληξ	worm
σκᾶπος	branch
σκῆπτρον	tribe
σκῦλα	spoils
σκῶρ	dung
σμάραγδος	emerald
σμύρνινος	myrrh-colored
σμῆγμα	soap
σμῆμα	soap
σολοικισμός	solecism
σοφία	wisdom
σοφιστής	teacher
σπάδων	eunuch
σπάρτον	thread
σπάταλος	wanton
σπέρμα	seed
σπανός	beardless
σπατάλη	lewdness
σπινθήρ	spark
σπινθαρίς	spark
σποδός	dust
σπορά	seed
σποραδικός	scattered
σπόγγος	sponge
σπόρος	seed
σπῆλυγξ	cave
στάβλον	stable
στάξις	dropping
στάχυς	shibboleth
στέγη	shelter
στέγος	roof
στέρησις	negation
στήμων	thread
στία	pebble
στίμμι	kohl
σταθμοῦχος	quartermaster
σταφυλή	uvula
στεγνός	costive
στιγμή	spot
στοιχείωσις	enchantment
στοιχειωτικός	elementary
στοιχειώδης	elementary
στολή	equipment
στοῖχος	turn
στρίξ	owl
στραγγάλη	halter
στραγγουρία	strangury
στραγγός	twisted
στρατηγία	generalship
στρατηγικός	praetorian
στρατιά	army
στρατιώτης	mercenary
στρουθός	ostrich
στροφάλιγξ	whirl
στροφή	revolving
στρόβιλος	pinecone
στρόβος	whirl
στρόμβος	spindle
στρῶμα	mattress
στυπτικός	astringent
στόλος	expedition
στόμαχος	stomach
στῆριγξ	support
στῦμα	priapism
συβώτης	swineherd
συγάτηρ	daughter
συγγνώμη	acknowledgement
συγγραφεύς	prose-writer
συγκοπή	collision
συζήτησις	disputation
συζυγία	pair
συκοτράγος	fig-eating
συκοφαντικός	sophistical
συκών	fig-yard
συλλογισμός	reasoning
συμβολή	marriage-contract
συμβουλή	counsel
συμβόλαιον	intercourse
συμμαχία	alliance
συμμετρία	commensurability
συμπάθεια	analogy
συμφωνία	music
συνέχεια	continuity
συνήθεια	habit
συναίρεσις	aggregation
συναγωγή	combination
συναγωγός	collecting
συνεκδοχή	synecdoche
συνετός	intelligible
συνεχής	frequent
συνθήκη	coffin
συνθετικός	component
συνουσία	conversation
συνταγματαρχία	syntagmatarchy
συντονία	tension
συνώνυμον	synonym
συνώνυμος	synonymous
συστηματικός	constitutive
συχνός	many
σφέλας	footstool
σφήξ	wasp
σφαγή	slaughter
σφραγίς	pastille
σφυρόν	ankle
σφόνδυλος	tambour
σφύξις	pulse
σχίσις	vulva
σχαδών	honey-cell
σχολή	rest
σχολαστικός	leisure
σχολαῖος	leisurely
σχολεῖον	school
σχῆμα	steps
σωλήν	penis
σωληνάριον	quiver
σωστός	safe
σύγκρισις	aggregation
σύγχρονος	contemporaneous
σύγχυσις	confounding
σύζυγος	wife
σύλλεξις	contribution
σύλληψις	conception
σύλλογος	assembly
σύμβασις	conjunction
σύμβολον	tallies
σύμμαχος	ally
σύμπαν	universe
σύμπτωμα	symptom
σύμφορος	accompanying
σύμφωνον	consonant
σύναψις	contact
σύνδεσις	constriction
σύνδεσμος	headband
σύνεσις	conscience
σύνθεσις	addition
σύνθημα	watchword
σύνοδος	synods
σύνοψις	estimate
σύνταξις	syntax
σύντομος	short
σύστομος	mouth-to-mouth
σῦκον	vulva
σῦς	pig
σῦφαρ	decrepit
σῶμα	body
σῶρυ	melanterite
τάβλα	tablet
τάγμα	arrangement
τάγχουρος	gold
τάλας	miserable
τάμισος	rennet
τάξις	assessment
τάρανδος	reindeer
τάργανον	vinegar
τάσις	extension
τάφος	tomb
τέκμαρ	goal
τέκνον	descendant
τέκος	descendant
τέλειος	last
τέλεσμα	certificate
τέλος	end
τέραμνον	chamber
τέρας	sign
τέταρτος	fourth
τέφρινος	ashcoloured
τέχνη	art
τήθη	grandmother
τήτη	want
τίγρις	tiger
τίλμα	sprains
τίσις	payment
τίτυρος	satyr
ταγή	ration
τακτική	tactics
τακτικός	regulating
ταμία	housekeeper
ταμιεῖον	treasury
ταναός	outstretched
τανυήκης	tapering
ταξείδιον	purpose
ταπεινοφροσύνη	meanspiritedness
ταραχώδης	confused
ταρβαλέος	frightened
ταχυτής	speed
ταώς	peacock
ταὐτολογία	tautology
ταῦρος	bull
τελήεις	complete
τελευταῖος	last
τερατολόγος	marvel-monger
τερπνός	pleasant
τεσσαρακοστός	fortieth
τετράεδρος	tetrahedron
τετράκυκλος	four-wheeled
τετράρχης	tetrarch
τετράς	tetrarchy
τετράων	grouse
τετραγράμματος	four-lettered
τετρακτύς	quadrivium
τετραπρόσωπος	four-faced
τετραρχία	tetrarchy
τετριμμένος	rubbed
τεχνίτης	trickster
τεχνητός	artificial
τεχνῖτις	craftswoman
τεῦχος	masonry
τηλαυγής	far-seeing
τηλεσκόπος	farseeing
τιμή	honor
τιμωρός	avenger
τλήμων	patient
τλημοσύνη	endurance
τληπάθεια	patience
τμῆσις	cutting
τοκεύς	parent
τομή	intersection
τονικός	extendable
τράγαινα	hermaphrodite
τράγος	billy-goat
τράπεζα	table
τράχηλος	neck
τράχωμα	trachoma
τρίβανον	oil-flask
τρίγλυφος	thrice-cloven
τρίμιτος	three-threaded
τρίπτυχος	threefold
τρίτος	third
τραγανός	goat
τραγῳδός	tragedy
τραγῴδιον	song
τραπέζιον	trapezium
τραπεζοφόρος	table-bearer
τραυλός	twittering
τραχύς	jagged
τραχύτης	roughness
τριήρης	trireme
τριακοστός	thirtieth
τριαντάφυλλον	rose
τριγενής	thrice-born
τριταῖος	tertian
τροπή	solstice
τροχήλατος	wheel-drawn
τροχαῖος	trochee
τροχοειδής	whorled
τροχός	wheel
τρυγών	stingray
τρυφάλεια	helmet
τρόφιμος	nourishing
τρῖψις	massage
τυπικός	impressionable
τυραννίς	monarchy
τυραννικός	tyrannical
τυρεία	cheese-making
τυρός	cheese
τυφλός	blind
τυχηρός	lucky
τόκος	offspring
τόμος	frustum
τόξευμα	arrow
τόξον	rainbow
τόπος	place
τόργος	vulture
τύραννος	tyrant
τύρσις	tower
τύχη	chance
τῦφος	nonsense
υἱωνός	grandson
υἱός	son
φάγος	glutton
φάλλαινα	whale
φάντασμα	phenomena
φάραγξ	ravine
φάρμακον	potion
φάρος	plough
φάρυγξ	throat
φάσγανον	sword
φάσηλος	cowpea
φάσις	appearance
φέγγος	moonlight
φέναξ	cheat
φέρασπις	shield-bearing
φέρετρον	bier
φέρνιον	fish-basket
φήγινος	oaken
φήμη	rumor
φίλημα	cosmetics
φίλιος	friendly
φίλος	friend
φίλτρον	charm
φίμωσις	phimosis
φαίνων	shining
φαλακρός	bald
φαλλός	penis
φαλός	white
φαντασία	image
φαντός	visible
φανός	bright
φαρμακεία	pharmacy
φαρμακοθήκη	medicine-chest
φαρμακός	criminal
φασσοφόνος	dove-killing
φειδώ	sparing
φηγός	oak
φθέγμα	voice
φθίνα	mildew
φθίσις	atrophy
φθείρ	louse
φθεγκτός	resounding
φθινοπωρινός	autumnal
φθινόπωρον	autumn
φθισικός	consumptive
φθογγήεις	resounding
φθορά	deterioration
φιλάργυρος	avaricious
φιλήρετμος	oar-loving
φιλαυτία	philauty
φιλοξενία	hospitality
φιλοσοφικός	philosophical
φιλοσόφημα	principle
φιλόξενος	hospitable
φιλόσοφον	philosophy
φιλόσοφος	scientific
φιμός	gag
φιτρός	firebrand
φλέγμα	inflammation
φλέψ	vein
φλιά	lintel
φλυκτίς	boil
φλόος	skin
φλύκταινα	pustule
φοινίκεος	purple
φοινικόπτερος	red-feathered
φοιτητής	pupil
φονεύς	murderer
φονεύτρια	murderess
φορά	carrying
φορεῖον	sack
φορμός	mat
φορτικός	vulgar
φοῦρνος	oven
φράσις	speech
φρήν	will
φρίκη	ruffling
φρίξ	ruffling
φραγμός	division
φραδής	understanding
φραστικός	eloquent
φρατρία	tribe
φροντίς	thought
φρουρός	watcher
φρούριον	prison
φρυκτός	roasted
φρύγανον	undershrub
φρύνη	toad
φυγή	flight
φυλακή	detention
φυσητήρ	bellows
φυτόν	plant
φυτός	natural
φωλεός	schoolhouse
φωνή	voice
φωνήεις	musical
φόρημα	burden
φόρμιγξ	lyre
φόρος	tribute
φύλαξ	guard
φύλλα	foliage
φύλλον	leaf
φύσις	creature
φύτωρ	begetter
φώσσων	sailcloth
φᾶρος	bedspread
φῆλος	deceitful
φῦκος	seaweed
φῦσα	bladder
χάλαζα	hail
χάλιμα	drunk?
χάνος	mouth
χάος	chaos
χάραγμα	endorsement
χάραξ	palisade
χάρμα	joy
χάρμη	fighting
χάρτης	book
χέλυς	tortoise
χήλευμα	awl
χήν	goose
χήρ	hedgehog
χήρα	widow
χίασμα	crosspiece
χαίτη	foliage
χαγᾶνος	khan
χαλιφᾶς	caliph
χαλκεύς	coppersmith
χαλκηδών	garnet
χαλκουργεῖον	copper-mine
χαλκουργός	copper-miner
χαλκοχίτων	bronze-clad
χαλκός	copper
χαμαιλέων	chameleon
χαμαιτυπεῖον	brothel
χαρά	joy
χαράδρα	riverbed
χαρίεις	graceful
χαρακτήρ	style
χαρακτηριστικός	characteristic
χασμῳδία	hiatus
χαῦνος	loose-grained
χειμερινός	stormy
χειμών	winter
χειρομύλη	handmill
χειρουργός	craftsman
χειρόμακτρον	towel
χελώνη	tortoise
χερμαστήρ	slinger
χερούβ	cherub
χερσαῖος	peninsula
χερσόνησος	peninsula
χεῖλος	lip
χεῖμα	winter
χηλή	hoof
χηλός	coffin
χιλιοστός	thousandth
χιλός	pasturage
χιμαιροφύλαξ	goatherd
χιτών	tunic
χιόνινος	snow-white
χιών	snow
χλαμύς	cloak
χλωρός	youthful
χοιροτροφεῖον	pigsty
χορεία	dance-tune
χορός	row
χοῖρος	swine
χρέος	debt
χρήσιμος	much-used
χρεία	use
χρεών	fate
χρεώστης	debtor
χρηστήριον	oracle
χρισμός	anointing
χρονικός	chronological
χρυσαλλίς	chrysalis
χρυσοβαφής	gold-embroidered
χρυσοστέφανος	gold-crowned
χρυσόλιθος	topaz
χρωμάτινος	colored
χρωματικός	chromatic
χρόνιος	long-continued
χρόνος	time
χρύσεος	golden
χρώς	complexion
χρῆμα	need
χρῆσις	loan
χρῖμα	anointing
χρῶμα	complexion
χυδαῖος	common
χυλός	juice
χωρεπίσκοπος	chorepiscopus
χόνδρος	cartilage
χόρτος	food
χύσις	squandering
χῶρος	locality
χῶσις	embankment
ψάγιος	blundering
ψάδδα	cinnabar
ψάλτιγξ	lyre
ψάμμος	sand
ψίξ	crumb
ψαινύθιος	false
ψακάς	raindrop
ψαλιδόστομος	nipper-mouthed
ψαλμός	psalm
ψαλμῳδός	psalmist
ψαλτήριον	psalter
ψαφαρός	friable
ψηφίον	pellet
ψηφολογεῖον	account-board
ψηφοφορία	calculation
ψιάς	drop
ψιλός	unarmed
ψιλότης	tenuity
ψιττακός	parrot
ψυκτικός	cooling
ψυχρός	ineffectual
ψωχός	sandy
ψύλλα	flea
ψῦχος	cold
ἀΐδηλος	destructive
ἀήθεια	unaccustomedness
ἀήθης	unusual
ἀήρ	air
ἀήσσητος	undefeated
ἀαγής	unbreakable
ἀβαδής	indomitable
ἀββα	father
ἀβλεψία	blindness
ἀβουλία	irresolution
ἀγέλη	herd
ἀγαθωσύνη	goodness
ἀγαθός	good
ἀγανός	mild
ἀγαυός	noble
ἀγγελικός	angelic
ἀγελαῖος	gregarious
ἀγενησία	uncreatedness
ἀγεννησία	uncreatedness
ἀγκύλη	javelin
ἀγκύλος	intricate
ἀγκών	nook
ἀγλαός	splendid
ἀγμός	fracture
ἀγνωσία	ignorance
ἀγνώς	ignorant
ἀγορά	speech
ἀγορανομία	aedileship
ἀγορανόμος	agoranomos
ἀγοστός	arm
ἀγρεύς	hunter
ἀγρεῖφνα	harrow
ἀγχώμαλος	doubtful
ἀγωγή	transportation
ἀγωγόν	attraction
ἀγωγός	leading
ἀγωνιστής	actor
ἀγός	leader
ἀγώνισμα	contest
ἀδάμας	diamond
ἀδέξιος	left-handed
ἀδέσποτος	anonymous
ἀδήν	gland
ἀδελφή	sister
ἀδελφός	brother
ἀδελφότης	alliance
ἀδενοειδής	glandular
ἀδηλότης	uncertainty
ἀδιάλυτος	irreconcilable
ἀδιάφορος	indifferent
ἀδοξία	obscurity
ἀδύνατος	unable
ἀείζωος	evergreen
ἀεικής	shameful
ἀεικείη	disfigurement
ἀεκούσιος	involuntarily
ἀελλάς	storm
ἀετός	eagle
ἀζήν	beard
ἀηδής	unwillingly
ἀηδία	nauseousness
ἀηδών	poet
ἀθήρ	awn
ἀθήρωμα	tumour
ἀθανασία	immortality
ἀθεΐα	atheism
ἀθεότης	godlessness
ἀθυρόγλωττος	babbler
ἀκάθαρτος	impure
ἀκάματος	tireless
ἀκέφαλος	headless
ἀκή	point
ἀκήριος	unharmed
ἀκαλήφη	sting
ἀκανθίων	hedgehog
ἀκανθόχοιρος	porcupine
ἀκαρί	mite
ἀκατάληπτος	unreachable
ἀκατέργαστος	undigested
ἀκαχμένος	sharp-edged
ἀκεστής	healer
ἀκηδής	unburied
ἀκλεής	ignominious
ἀκοστή	barley
ἀκράτεια	self-indulgence
ἀκρατής	incontinent
ἀκριτομυθία	babbling
ἀκροβάτης	acrobat
ἀκροβυστία	foreskin
ἀκροστιχίς	acrostic
ἀκρωτήριον	extremity
ἀκρόασις	obedience
ἀκρόπολις	acropolis
ἀκτίς	ray
ἀκυλεής	eagle
ἀκόντιον	javelin
ἀλάλυγξ	gulping
ἀλέα	warmth
ἀλέκτωρ	unwedded
ἀλήθεια	truth
ἀλίαστος	undaunted
ἀλαζών	boastful
ἀλαλητός	shouting
ἀλαός	blind
ἀλείτης	sinner
ἀλεξιφάρμακον	antidote
ἀλετρίβανος	pestle
ἀλθεστήρια	remedies
ἀλθεύς	healer
ἀλθηστήριον	remedy
ἀλκή	prowess
ἀλκτήρ	protector
ἀλκυονίς	kingfisher
ἀλκυών	kingfisher
ἀλλαγή	change
ἀλλοδαπός	foreign
ἀλλοτρίωσις	estrangement
ἀλλότριος	foreign
ἀλλᾶς	sausage
ἀλοιφή	grease
ἀλφάβητον	alphabet
ἀλφάβητος	alphabet
ἀλύδοιμος	bitter
ἀμάνδαλος	unseen
ἀμέθυστος	amethyst
ἀμαθής	unmanageable
ἀμαυρός	inconspicuous
ἀμαυρότης	dimness
ἀμβλυωπός	dim-sighted
ἀμβλύς	dull
ἀμβροσία	ambrosia
ἀμβρόσιος	immortal
ἀμελής	unmelodious
ἀμηρᾶς	emir
ἀμνησία	forgetfulness
ἀμνηστία	forgetfulness
ἀμορβαῖος	obscure
ἀμορβός	shepherd
ἀμπελουργεῖον	vineyard
ἀμπελών	vineyard
ἀμυγδάλη	almond
ἀμφήκης	two-edged
ἀμφίβραχυς	amphibrachic
ἀμφικέφαλος	two-headed
ἀμύγδαλον	almond
ἀμύντωρ	avenger
ἀνάβασις	ascent
ἀνάγκη	necessity
ἀνάγνωσις	reading
ἀνάληψις	acquisition
ἀνάλογος	proportionate
ἀνάλυμα	liberation
ἀνάλυτος	dissolved
ἀνάρρινον	snapdragon
ἀνάστημα	height
ἀνάσχεσις	endurance
ἀνάτασις	extension
ἀνέμη	weasel
ἀνήρ	man (adult male)
ἀναίμων	bloodless
ἀναίσθητος	unfelt
ἀναίτιος	guiltless
ἀναβαπτισμός	rebaptism
ἀναγκαῖον	prison
ἀναγκαῖος	necessary
ἀναδίπλωσις	convolution
ἀναιδής	shameless
ἀναισθησία	stupor
ἀνακαίνωσις	renewal
ἀνακούφισις	relief
ἀνακόλουθος	inconsistent
ἀναλογία	analogy
ἀναλογητικός	proportional
ἀναλυτήρ	deliverer
ἀναλυτικός	analytical
ἀνασκευαστικός	destructive
ἀνατροπή	capsizing
ἀνδρίς	woman
ἀνδρεῖος	stubborn
ἀνδροφόνος	"man-slaying"
ἀνδρόγυνος	hermaphrodite
ἀνδρόμεος	human
ἀνεξέλεγκτος	irreproachable
ἀνεύρυσμα	aneurysm
ἀνθεμίς	flower
ἀνθεμόεις	flowery
ἀνθρακόεις	charcoal-filled
ἀνθρώπειος	human
ἀνθρώπινος	human
ἀνθυπατεία	proconsulate
ἀνθύπατος	proconsul
ἀνοκωχή	hindrance
ἀνομία	lawlessness
ἀντίδοτος	antidote
ἀντίθεος	godlike
ἀντίθεσις	contradiction
ἀντίθετον	antithet
ἀντίταξις	opposition
ἀντίχριστος	antichrist
ἀντανάκλασις	reflection
ἀνταπόδοσις	reaction
ἀντικνήμιον	shin
ἀντιμεταβολή	antimetabole
ἀντιστροφή	antistrophe
ἀντιτείχισμα	counter-fortification
ἀντλία	reservoir
ἀντλητήρ	ladle
ἀντωνυμία	pronoun
ἀνώμαλος	precarious
ἀξίνη	axe-head
ἀξίωσις	reputation
ἀξιόπιστος	trustworthy
ἀοιδή	legend
ἀοιδός	musical
ἀπάντησις	escort
ἀπάτη	deceit
ἀπάτωρ	fatherless
ἀπέλεθρος	immeasurable
ἀπαλλαγή	divorce
ἀπαρασκεύαστος	unprepared
ἀπειρέσιος	countless
ἀπειρία	infinity
ἀπελεύθερος	freedman
ἀποβασιλεύς	ex-king
ἀποδεικτικός	explanatory
ἀποδοχή	acceptance
ἀποθετικός	deponent
ἀποικία	colony
ἀποκατάστασις	recovery
ἀποκηδής	negligent
ἀποκοπή	amputation
ἀποκύημα	fetus
ἀπολογητικός	apologetic
ἀποπληκτικός	apoplectic
ἀπορία	puzzle
ἀποσιώπησις	aposiopesis
ἀποστάτης	apostate
ἀποστασία	apostasy
ἀποστολή	apostleship
ἀποτέλεσμα	effect
ἀποτροπή	prevention
ἀπουσία	absence
ἀποφατικός	negative
ἀποφώλιος	barren
ἀποχή	distance
ἀπραξία	nonaction
ἀπροσδόκητος	unexpected
ἀπόδειξις	proof
ἀπόδοσις	payment
ἀπόζεμα	decoction
ἀπόκρισις	separating
ἀπόμακτρον	strickle
ἀπόνοια	desperation
ἀπόπληκτος	crippled
ἀπόπτωσις	deposition
ἀπόρρητος	secret
ἀπόστασις	departure
ἀπόστολος	apostle
ἀπόταξις	resignation
ἀπότασις	reference
ἀπών	absent
ἀράχνης	spider
ἀραιός	thin
ἀργυρόηλος	silver-studded
ἀργυρόλιθος	selenite
ἀργός	shining
ἀργύριον	money
ἀρετή	virtue
ἀριθμητικόν	numeral
ἀριθμητικός	numerically
ἀριθμός	arithmetic
ἀριστεία	excellence
ἀριστερός	ominous
ἀριστοκράτης	aristocrat
ἀριστοκρατία	aristocracy
ἀριστοκρατικός	aristocratic
ἀρκετός	satisfactory
ἀρκτικός	authoritarian
ἀρνειός	lamb
ἀροτρίασις	ploughing
ἀρσενικός	male
ἀρτίαλα	earrings
ἀρτεμισία	wormwood
ἀρτηρία	aorta
ἀρχάγγελος	archangel
ἀρχαιότροπος	old-fashioned
ἀρχαϊκός	old-fashioned
ἀρχιδικαστής	chief-judge
ἀρχιεπίσκοπος	archbishop
ἀρχιτεκτονικός	architecture
ἀρχός	ruler
ἀρωγός	serviceable
ἀρωματικός	aromatic
ἀσάμινθος	bathtub
ἀσέβεια	heresy
ἀσθένεια	weakness
ἀσθενής	insignificant
ἀσκάντης	pallet
ἀσκητικός	laborious
ἀσκός	wineskin
ἀσπίς	shield
ἀσπαλιευτής	angler
ἀσπιδοχελώνη	aspidochelone
ἀστήρ	starfish
ἀσταφίς	raisins
ἀστερίσκος	asterisk
ἀστερισμός	asterism
ἀστερόεις	starry
ἀστραπή	lightning
ἀστρολάβος	planisphere
ἀστρολογία	astronomy
ἀστρολόγος	astronomer
ἀστρονομία	astronomy
ἀστρονόμος	astronomer
ἀσυμμετρία	incommensurability
ἀσφάλεια	certainty
ἀσφάλισις	wall
ἀσωτία	prodigality
ἀσύμπτωτος	asymptote
ἀσύμφορος	inconvenient
ἀσύνδετος	independent
ἀτειρής	indefatigable
ἀτελής	uninitiated
ἀτελείωτος	unfinished
ἀτερπής	unpleasing
ἀτμός	odor
ἀτονία	laziness
ἀτροφία	atrophy
ἀττέλαβος	locust
ἀτυχής	unfortunate
ἀφαιρετικός	retrograde
ἀφασία	speechlessness
ἀφνειός	rich
ἀφορισμός	limitation
ἀφορμή	resources
ἀφραδής	insensate
ἀφραδία	folly
ἀφροδισιακός	aphrodisiac
ἀφροσύνη	folly
ἀφωνία	speechlessness
ἀχάριστος	unfavourable
ἀχάτης	agate
ἀχλύς	mist
ἀχρηματία	moneylessness
ἀϊδής	invisible
ἀϋλότης	immateriality
ἀϋτμή	breath
ἁβροδίαιτος	luxurious
ἁγιωσύνη	holiness
ἁγιότης	holiness
ἁγνεία	purity
ἁγνός	pure
ἁγνότης	purity
ἁδρός	stout
ἁλιδινής	sea-tossed
ἁλιεία	fishing
ἁλμυρός	salty
ἁλοθήκη	saltbox
ἁλτῆρες	dumbbells
ἁμαξηλάτης	wagoner
ἁμαρτωλός	erroneous
ἁπλόος	single
ἁρματοδρομία	chariot-racing
ἁρμός	joint
ἁρπάγη	hook
ἁρπίς	half-boot
ἁρπαστόν	handball
ἁφή	grip
ἁψίς	net
ἄαπτος	untouchable
ἄβα	wheel
ἄβακτος	unlucky
ἄβαπτος	untempered
ἄβατος	untrodden
ἄβροτος	immortal
ἄβυσσος	unfathomable
ἄγγουρον	cucumber
ἄγκιστρον	fishhook
ἄγκος	bend
ἄγκυρα	anchor
ἄγνος	withy
ἄγονος	childless
ἄγος	awe
ἄγρα	quarry
ἄγραφος	unwritten
ἄγριος	wild
ἄγροικος	country-dwelling
ἄδηλος	invisible
ἄδικος	unjust
ἄδμητος	unbroken
ἄελλα	stormwind
ἄζυμος	unleavened
ἄθετος	unfixed
ἄθλημα	sport
ἄκμων	anvil
ἄκος	cure
ἄκριτος	countless
ἄκρον	extreme
ἄκρος	extreme
ἄκτωρ	leader
ἄκων	unwilling
ἄλβος	white
ἄλειαρ	wheat-groats
ἄλειφαρ	unguent
ἄλευρον	meal
ἄλη	roaming
ἄληκτος	unceasing
ἄληπτος	unamenable
ἄλθεξις	healing
ἄλθος	healing
ἄλιξ	allec
ἄλιψ	rock
ἄλκη	moose
ἄλογον	horse
ἄλογος	unutterable
ἄλοχος	concubine
ἄλυς	agitation
ἄλφα	first
ἄλφι	flour
ἄλφιτον	barley-groats
ἄμαλλα	corn
ἄμβων	pulpit
ἄμεσος	immediate
ἄμητος	harvest
ἄμικτος	unmingled
ἄμμος	sand
ἄμπελος	vine
ἄμυλον	starch
ἄναιμος	bloodless
ἄναλκις	weak
ἄνανδρος	unmanly
ἄναξ	lord
ἄναστρος	starless
ἄνθεμον	flower
ἄνθος	flower
ἄνθραξ	charcoal
ἄνθρωπος	man
ἄνισον	inequality
ἄνομος	illegal
ἄνοπλος	shieldless
ἄντλος	bilgewater
ἄντρον	cave
ἄοπτος	unseen
ἄπαστον	prison
ἄπιον	pear
ἄποικος	colony
ἄποινα	ransom
ἄπονος	painless
ἄπυγος	assless
ἄραδος	disturbance
ἄργυρος	silver
ἄρθρον	joint
ἄρκτος	bear
ἄρκυς	net
ἄροτρον	plough
ἄρουρα	ground
ἄρρητος	unspoken
ἄρσην	male
ἄρσις	raising
ἄρταμος	murderer
ἄρτημα	earring
ἄρτος	bread
ἄρχων	ruler
ἄσβολος	soot
ἄσημος	silver
ἄσκιος	shadowless
ἄσπετος	inexpressible
ἄσπρος	white
ἄστατος	unstable
ἄσταχυς	bandage
ἄσυλον	sanctuary
ἄσωτος	debauched
ἄτομος	uncut
ἄτρακτος	spindle
ἄτρεπτος	irreparable
ἄτροπος	unchangeable
ἄττα	father
ἄφαρος	unploughed
ἄφενος	revenue
ἄφεσις	divorce
ἄφθαρτος	indestructible
ἄφθιτος	imperishable
ἄφοβος	fearless
ἄφυλλος	leafless
ἄφωνος	intestate
ἄχμα	cargo
ἄχος	distress
ἄχωρ	scurf
ἄψογος	blameless
ἄωρος	unripe
ἄϋλος	immaterial
ἄϋπνος	sleepless
ἅγιος	accursed
ἅδος	satiety
ἅλς	salt
ἅλυσις	chain
ἅλως	halo
ἅμαξα	wagon
ἅρμα	chariot
ἅρπαγμα	booty
ἅρπαξ	rapacious
ἅψος	limbs
ἆθλον	contest
ἆσθμα	asthma
ἐγγενικός	hereditary
ἐγγόνη	granddaughter
ἐγκέφαλος	brain
ἐγκεντρίς	spurs
ἐγκλιτικός	enclitic
ἐγκοίλια	intestines
ἐγκράτεια	self-control
ἐγκύκλιος	circular
ἐγρήγορος	wakeful
ἐγρήγορσις	wakefulness
ἐθελοντής	volunteer
ἐθνάρχης	ethnarch
ἐθνικός	national
ἐκδοχή	expectation
ἐκθετικός	expository
ἐκκλησία	assembly
ἐκτένεια	extension
ἐκτειχισμός	fortification
ἐκτομιαῖος	castrated
ἐκτύπωμα	reflection
ἐλάττωσις	defeat
ἐλέφας	elephant
ἐλαία	naevus
ἐλατός	ductile
ἐλαφρός	light
ἐλεήμων	merciful
ἐλεγεία	elegy
ἐλεγειακός	elegiac
ἐλευθερία	manumission
ἐλευθεριότης	liberality
ἐλευθερωτής	liberator
ἐλευθερόστομος	free-spoken
ἐλευθερόψυχος	noble-spirited
ἐλεφαντάρχης	elephantarch
ἐλεός	dresser
ἐλεύθερος	free
ἐλλειπτικός	defective
ἐλπίς	anxiety
ἐμβάτη	bathtub
ἐμπάθεια	passion
ἐμπειρικός	experienced
ἐμπλοκή	braiding
ἐμπολή	trade
ἐμπρακτικός	efficacious
ἐμφάνισις	exposure
ἐμός	mine
ἐνάργεια	clarity
ἐνάρετος	virtuous
ἐνέπω	speak
ἐνέργεια	workmanship
ἐναίσιμος	righteous
ἐναντίος	contrariety
ἐναργής	visible
ἐνδέξιος	propitious
ἐνδεής	defective
ἐνδελεχής	continuous
ἐνδιαίτημα	dwelling-place
ἐνενηκοστός	ninetieth
ἐνθήκη	store
ἐνθρόνιος	enthroned
ἐνιαυτός	anniversary
ἐνιπή	rebuke
ἐνοπή	voice
ἐντελέχεια	entelechy
ἐνυάλιος	war-like
ἐνύπνιον	dream
ἐνώτιον	earring
ἐξήγησις	narration
ἐξίσωσις	equalization
ἐξαίρεσις	transcendence
ἐξηγητής	leader
ἐξηγητικός	interpretational
ἐξομολόγησις	confession
ἐξορκιστής	exorcist
ἐξουσία	pomp
ἐξοχή	pre-eminence
ἐξωτερικός	foreign
ἐξωτικός	uninitiated
ἐξώστης	balcony
ἐπάγγελμα	promise
ἐπίγνωσις	examination
ἐπίδειξις	example
ἐπίθετον	adjective
ἐπίθετος	adjectival
ἐπίκουρος	defending
ἐπίκρισις	determination
ἐπίλυσις	spell
ἐπίλυτος	manumitted
ἐπίνητρον	distaff
ἐπίρρημα	adverb
ἐπίσκοπος	successful
ἐπίταξις	command
ἐπίφθονος	injurious
ἐπαγγελία	announcement
ἐπαλθής	healing
ἐπεισόδιον	addition
ἐπενθετικός	inserted
ἐπιβουκόλος	herdsman
ἐπιγραφή	inscription
ἐπιδήμιος	resident
ἐπιδείκνυμι	prove
ἐπιδιδυμίς	epididymis
ἐπιεικής	reasonable
ἐπιζήμιος	prejudicial
ἐπιθετικός	enterprising
ἐπιθυμία	lust
ἐπικός	epic
ἐπιλήσμων	forgetful
ἐπιλεῖος	merlin
ἐπιλογή	choice
ἐπιορκία	perjury
ἐπιπεδικός	two-dimensional
ἐπιστάτης	suppliant
ἐπιστήμη	science
ἐπισυνθετικός	combining
ἐπισφύρια	ankle
ἐπιτήδεια	provisions
ἐπιτυχία	undertaking
ἐπιφάνεια	epiphany
ἐπιφορά	gratuity
ἐπιχείρησις	attempt
ἐπουσία	surplus
ἐπωνυμία	nickname
ἐρέβινθος	chickpea
ἐρέτης	rower
ἐρατεινός	lovely
ἐρατός	beloved
ἐργάτης	worker
ἐργαστήριον	butchershop
ἐργαστής	negotiator
ἐριστικός	argumentative
ἐριόξυλον	cotton
ἐρυθρόπους	red-footed
ἐρχόμενος	coming
ἐρωτικός	amorous
ἐρῆμος	desert
ἐσχάρα	hearth
ἐτήτυμος	truthful
ἐφέτης	commander
ἐφηβικός	ephebic
ἐφόλκαιον	lading-plank
ἐχθρικός	hostile
ἐχῖνος	hedgehog
ἐϋκνήμις	well-greaved
ἐϋκτίμενος	well-built
ἑβδομαδικός	weekly
ἑβδομηκοστόπρωτος	seventy-first
ἑβδομηκοστός	seventieth
ἑκατοστός	hundredth
ἑκατόνταρχος	centurion
ἑκκαιδέκατος	sixteenth
ἑκτικός	sustaining
ἑκυρός	father-in-law
ἑκών	willing
ἑλένη	torch
ἑνδέκατος	eleventh
ἑξάγωνος	hexagonal
ἑξηκοστός	sixtieth
ἑπτάγωνος	heptagonal
ἑρμίς	bedpost
ἑρμηνεία	expression
ἑρμηνεύς	matchmaker
ἑσπέρα	evening
ἑστία	hearth
ἑταιρεία	companionship
ἑταιρική	companionship
ἑτερογενής	heterogenous
ἑτερόφθαλμος	one-eyed
ἑψία	amusement
ἔαρ	blood
ἔγγονος	grandson
ἔγκατα	bowels
ἔγκλισις	inclination
ἔγκυος	pregnant
ἔγχελυς	eel
ἔγχος	spear
ἔθος	habit
ἔθρις	castrated
ἔκγονος	child
ἔκδικος	avenging
ἔκδρομος	skirmisher
ἔκλυτος	loose
ἔκταξις	expedition
ἔκτομος	castrated
ἔκφρασις	description
ἔλδωρ	wish
ἔλυτρον	sheath
ἔμβασις	foot
ἔμβλημα	insertion
ἔμβολον	architrave
ἔμεσις	vomiting
ἔμετος	vomit
ἔμπεδος	well-balanced
ἔμπρησις	inflammation
ἔμφασις	appearance
ἔμφρων	alive
ἔμφυτος	planted
ἔναιμος	blood-colour
ἔναστρος	starry
ἔνατος	ninth
ἔνδεια	lack
ἔνθεος	divine
ἔνθεσις	grafting
ἔνσπονδος	ally
ἔντασις	inscribing
ἔντερον	bag
ἔντομα	insects
ἔντομον	insect
ἔντονος	sinewy
ἔξοδος	divorce
ἔρεβος	darkness
ἔριθος	mower
ἔριον	wool
ἔρις	strife
ἔριφος	kid
ἔρφος	skin
ἔτης	clansman
ἔτος	year
ἔφηλις	freckles
ἔφορος	overseer
ἔχθος	hate
ἔχθρα	hatred
ἔχις	snake
ἔχμα	bulwark
ἕβδομος	seventh
ἕκτος	sixth
ἕλλα	seat
ἕλος	marsh-meadow
ἕλωρ	prey
ἕρμα	prop
ἕρση	dew
ἕσπερος	western
ἕτερος	different
ἑλληνισμός	paganism
ἠθικός	ethical
ἠνεμόεις	windy
ἠπίαλος	nightmare
ἠπίολος	moth
ἠπειρώτης	landsman
ἠϊών	shore
ἡγεμών	guide
ἡδονή	desires
ἡδύς	pleasant
ἡμέρα	day
ἡμέρα σελήνης	Monday
ἡμέτερος	ours
ἡμίλεπτος	half-hatched
ἡμίονος	mule
ἡμεροφύλαξ	day-watcher
ἡμικύκλιον	semicircle
ἡμικύκλιος	semicircular
ἡμιμέδιμνον	half-medimnus
ἡμισφαίριον	hemisphere
ἡσυχία	peace
ἤθη	manners
ἤθησις	riddling
ἤλεκτρον	amber
ἤπειρος	continent
ἤϊα	chaff
ἥβη	youth
ἥγησις	command
ἥκιστος	least
ἥλιος	sun
ἥμισσον	half
ἥμισυς	half
ἥσυχος	quiet
ἦθος	character
ἦμαρ	day
ἦνοψ	gleaming
ἦχος	echo
ἧλιξ	fellow
ἧλος	nail
ἧπαρ	liver
ἰατρεία	curing
ἰατρεῖον	remedy
ἰατρός	physician
ἰδέα	style
ἰδίωμα	peculiarity
ἰδιότης	peculiarity
ἰλύς	mud
ἰξύς	waist
ἰοειδής	violet
ἰπνολέβης	boiler
ἰπνός	oven
ἰρών	region
ἰσαπόστολος	isapostle
ἰσημερινός	equinoctial
ἰσχίον	hip-joint
ἰσχιάς	sciatica
ἰσχνός	reduced
ἰσχύς	strength
ἰτέα	willow
ἰταμός	headlong
ἰχθυήματα	scrapings
ἰχθυβόρος	fish-eating
ἰχθυεῖον	fish-market
ἰχθυηρός	fishy
ἰχθυνόμος	fish-ruling
ἰχθυοθήρα	cyclamen
ἰχθυοθήρας	fisherman
ἰχθυοθηρία	fishing
ἰχθυοθηρευτής	fisherman
ἰχθυοθηρητήρ	fisherman
ἰχθυοθηρική	fishing
ἰχθυομετάβολος	fishmonger
ἰχθυοπώλης	fishmonger
ἰχθυουλκός	angler
ἰχθυπόρος	harpoon
ἰχθυστεφής	fish-crowned
ἰχθυόεις	fishlike
ἰχθυόκολλα	fish-glue
ἰχθυόφαγος	fish-eating
ἰχθύκεντρον	trident
ἰχθύς	fish
ἰχώρ	gravy
ἰόεις	poisonous
ἰός	arrow
ἰότης	will
ἰώβηλος	jubilee
ἰώδης	acrid
ἱέραξ	hawk
ἱέρεια	priestess
ἱδρώς	sweat
ἱεράρχης	hierarch
ἱερακοπρόσωπος	hawk-faced
ἱεραρχία	hierarchy
ἱερεύς	priest
ἱεροφάντης	hierophant
ἱεροφύλαξ	pontifex
ἱμάς	well-rope
ἱμαντάριον	halyard
ἱμαντόπους	spindleshanks
ἱμερόεις	lovely
ἱμονιά	well-rope
ἱπποκένταυρος	centaur
ἱπποπόταμος	hippopotamus
ἱπποσύνη	cavalry
ἱπποφορβός	horsekeeper
ἱστίον	sail
ἱστοκεραία	sailyard
ἱστός	mast
ἴαμβος	lampoon
ἴασις	cure
ἴασπις	jasper
ἴδιος	private
ἴουλος	catkin
ἴς	force
ἴση	equality
ἴσοι	equals
ἴσον	equivalence
ἴσος	just
ἴφιος	strong
ἴχνος	track
ἵλασμα	propitiation
ἵμερος	yearning
ἵππουρος	horse-tailed
ἵστωρ	witness
ἶβις	ibis
ἶλιγξ	whirlpool
ἶρις	rainbow
ὀβελίσκος	obelisk
ὀγδοηκοστός	eightieth
ὀδούς	tooth
ὀδυνήφατος	painkilling
ὀδυνηρός	painful
ὀκρίς	rugged
ὀκτάπους	eight-footed
ὀκτώπους	eight-footed
ὀλίγος	few
ὀλιγάρχης	oligarch
ὀλιγότροφος	abstemious
ὀλοός	destructive
ὀλός	blood
ὀμφαλός	navel
ὀνίσκος	woodlouse
ὀνείδειος	reproachful
ὀνειροπόλος	dream-interpreter
ὀνειρόπολος	dream-interpreter
ὀνομαστός	named
ὀξυθυμία	irascibility
ὀξυόεις	sharp-pointed
ὀξύμωρον	oxymoron
ὀξύμωρος	oxymoronic
ὀξύρρυγχος	sharp-snouted
ὀξύς	sharp
ὀξύτης	cleverness
ὀπάλλιος	opal
ὀπάων	follower
ὀπή	sight
ὀπισθοφύλαξ	rearguard
ὀπτός	baked
ὀπώρα	summer-bloom
ὀρίντης	exciter
ὀργασμός	orgasm
ὀργιλότης	irascibility
ὀρεινός	mountainous
ὀρεσίτροφος	mountain-bred
ὀρθογραφία	orthography
ὀρθογώνιος	rectangular
ὀροφή	ceiling
ὀροφύλαξ	mountain-guard
ὀρτυγοτροφεῖον	quail-coop
ὀρυκτήρ	miner
ὀρφανός	childless
ὀρύζιον	rice
ὀστέον	bone
ὀστρακισμός	ostracism
ὀσφυαλγία	lumbago
ὀφθαλμός	eye
ὀφιοειδής	snakelike
ὀφιόθριξ	snake-haired
ὀφνίς	ploughshare
ὀφρύς	eyebrow
ὀψίγονος	late-born
ὀψώνιον	provisions
ὀϊστοθήκη	quiver
ὀϊστός	arrow
ὁδός	road
ὁλκός	trailing
ὁμοιότροπος	similar
ὁμοκλή	harmony
ὁμοούσιος	consubstantial
ὁμόλογος	corresponding
ὁπλή	hoof
ὁρίζων	horizon
ὁρισμός	definition
ὁρμίσκος	signetcord
ὁρμοφύλαξ	harbour-master
ὁσιότης	piety
ὄγδοος	eighth
ὄγκινος	hook
ὄγκος	tumor
ὄκρις	roughness
ὄλινοι	flax
ὄμειχμα	urine
ὄμμα	eye
ὄμπνη	nourishment
ὄν	reality
ὄναρ	dream
ὄνειρος	dream
ὄνομα	name
ὄνος	woodlouse
ὄνυξ	claw
ὄπεας	awl
ὄργυια	fathom
ὄρνις	bird
ὄρος	mountain
ὄρχις	testicle
ὄσσε	eyes
ὄστρεον	bivalve
ὄσχη	scrotum
ὄφις	serpent
ὄψ	voice
ὄψιμος	late
ὄψις	view
ὅλκιμος	dragging
ὅλος	actually
ὅμηρος	pledge
ὅμοιος	equal
ὅπλον	penis
ὅρασις	appearance
ὅρκιον	oath
ὅρμησις	eagerness
ὑαλουργός	glassworker
ὑγίεια	health
ὑγιής	sound
ὑγιεινός	health
ὑγρός	fluid
ὑδρία	hydria
ὑδρομύλη	watermill
ὑδροφοβία	hydrophobia
ὑδρόμελι	hydromel
ὑμέναιος	wedding
ὑμέτερος	yours
ὑμενόπτερος	membrane-winged
ὑπέρτερος	further
ὑπέρυθρος	reddish
ὑπήκοος	listening
ὑπήνη	beard
ὑπακοή	obedience
ὑπαλλαγή	hypallage
ὑπερασπιστής	hyperaspist
ὑπερβολή	overshooting
ὑπερθετικός	superlative
ὑπερορισμός	banishment
ὑπερῷον	attic
ὑπερῷος	upper
ὑπνηρός	soporific
ὑπογραφίς	pencil
ὑποδεέστερος	inferior
ὑποδοχή	hospitality
ὑποθετικός	hypothetical
ὑπονοητικός	suspicious
ὑποπόδιον	footstool
ὑποτείνουσα	hypotenuse
ὑποτελής	taxable
ὑποψία	suspicion
ὑπόγλαυκος	subglaucous
ὑπόθεσις	mortgage
ὑπόκαυστον	hypocaust
ὑπόστασις	subject-matter
ὑπόταξις	postposition
ὑφέν	hyphen
ὑφή	web
ὑφήγησις	direction
ὑφορβός	swineherd
ὑφόλμιον	mortar-stand
ὑψερεφής	high-roofed
ὑψιμέλαθρος	high-built
ὑψιπέτης	lofty
ὕαινα	hyena
ὕαλος	glass
ὕβρις	pride
ὕδερος	dropsy
ὕδρωψ	edema
ὕλη	forest
ὕπαρξις	substance
ὕπατος	highest
ὕπερος	pestle
ὕπνος	death
ὕσμα	rain
ὕστερος	latter
ὕψος	height
ὕψωμα	exaltation
ὗς	pig
ὠκεανός	ocean
ὠκύπορος	quick-traveling
ὠκύπους	fleetfooted
ὠκύπτερος	swift-winged
ὠτακουστής	spy
ὠτογλυφίς	earpick
ὠφέλιμος	helpful
ὡροσκοπεῖον	horoscope
ὤν	actual
ὤρα	care
ὤψ	eye
ὥρα	season
ᾠδή	song
ᾠόν	egg
ᾠώδης	egg-like
ῥάδιξ	branch
ῥάξ	grape
ῥάπυς	turnip
ῥάσμα	shower
ῥήτωρ	orator
ῥίζα	source
ῥίζωμα	element
ῥίον	headland
ῥίσκος	coffer
ῥίψ	mat
ῥαθάμιγξ	grain
ῥαθυμία	relaxation
ῥαιστήρ	destroyer
ῥαφή	seam
ῥαφίς	needle
ῥαψῳδός	rhapsodist
ῥεῦσις	flowing
ῥητορική	rhetoric
ῥινόκερως	rhinoceros
ῥισκοφύλαξ	treasurer
ῥοδέα	rose-bush
ῥοδοδάκτυλος	rosy-fingered
ῥοδοδάφνη	oleander
ῥοδόεις	rosy
ῥοδόπαχυς	rosy-armed
ῥοικός	bow-legged
ῥυπαροφάγος	foul-feeding
ῥόδινος	pink
ῥόμβος	penis
ῥόμος	woodworm
ῥόος	stream
ῥόπαλον	penis
ῥόπτρον	tambourine
ῥύπος	dirt
ῥύσις	flow
ῥώθων	nostril
ῥώξ	breach
ῥᾴδιος	easy
ῥᾶ	rhubarb
ῥῆγμα	breakage
ῥῆμα	word
ῥῆξις	discharge
ῥῆσις	speech
ῥῖμμα	throw
ῥῖψις	glances
𐠲𐠙𐠨	queen
αἰολεύς	Aeolian
βλάχος	Vlach
βοττιαῖοι	Bottiaeans
βραχμάν	Brahmin
βρόγγος	river Brongus
γαλάτης	Galatian
γότθος	Goth
δάκης	Dacian
δαναοί	Greeks
δρυάς	tree
εἱλώτης	Helot
εἵλως	helot
θεσσαλονικεύς	Thessalonian
κίλιξ	Cilician
κίλισσα	Cilician woman
καισαρεύς	Caesarean
καρδοῦχος	Kurd
κελτός	Celt
κύκλωψ	cyclops
λάμος	river Lamus
λίβυς	Berber
λαγγοβάρδας	Lombard
λαιστρυγών	Laestrygonian
λοκρός	Locrian
μήλιον	Melian
μήλιος	Melian
μακκαβαῖος	Maccabee
μανδαῖος	Mandaean
μελχίτης	Melchite
μηλιεύς	Malian
μιλήσιος	of Miletus
μουγούλιος	Mongol
μυσός	Mysian
οὐάνδαλος	Vandal
οὐισίγοτθος	Visigoth
πάρθος	Parthian
παίων	Paionian
πελασγιώτης	Pelasgian
πελασγός	Pelasgian
περραιβός	Perrhaebian
πιτανάτης	Pitanate
σάμιος	of Samos
σαρακηνός	Muslim
σαυρομάτης	Sarmatian
σιντός	Sintian
τυρρηνός	Etruscan
φιλιππήσιος	Philippian
φράγγος	Frank
φρύξ	Phrygian
χαλδαῖος	Chaldean
αἰγίς	aegis
αἰδέομαι	fear
αἰδοῖον	genitals
αἰδοῖος	modest
αἰθέριος	on high
αἰπεινός	high
αἰπόλιον	goat pasture
αἰσθάνομαι	perceive
αἰσχροποιΐα	obscene act
αἰσχροποιός	acting shamefully
αἰσχρουργός	obscene
αἰσχρότης	ugliness' deformity
αἰσχύνη	shame
αἰσχύνω	dishonor
αἰτιάομαι	accuse
αἰχμάζω	wound
αἰόλος	chequered
αἱρέω	prefer
αἴγινος	of goat
αἴγλη	radiance
αἴθουσα	portico
αἴθρα	clear sky
αἴρινος	of darnel
αἴτημα	request
αἵρεσις	taking
αἶθος	heat
αἶσα	destiny
αὐθαίρετος	self-chosen
αὐταρχία	absolute power
αὐτοκέφαλος	politically independent
αὐτοκράτειρα	absolute ruler
αὐτοκράτωρ	absolute ruler
αὐτοκρατία	autocracy
αὐτόματος	self-willed
αὐχμηρός	miserable
αὑτός	same
αὔξησις	growth
αὔξιμος	growing
αὕω	dry
βάβαξ	chatterer
βάζω	speak
βάθρον	stage
βάναυσος	fastidious
βάπτω	dip
βάραθρον	ruin
βάρβαρος	non-Greek-speaking
βάσκω	come
βέβαιος	firm
βέβηλος	not holy
βέρεδος	veredus
βήσσω	cough
βίαιος	violent
βαθμίς	base
βαθύρροος	deep-flowing
βαπτίζω	immerse
βασιλίσκος	princelet
βασιλεύς	Katharevousa form of βασιλιάς (vasiliás
βαστέρνιον	basterna
βατταλογέω	stammer
βαυκός	affected
βαῦνος	furnace
βδάλλω	suck
βδελυγμία	nausea
βδελυκτός	disgusting
βελτιόω	improve
βερικοκκία	apricot tree
βιαστής	violent person
βιβλιοπώλης	bookseller
βιοτεύω	live
βιόω	live
βλάμμα	harm
βλάπτω	disable
βλάστημα	sprout
βλάσφημος	reviling
βλέπω	see
βλαβερός	harmful
βλαστός	offspring
βληστάς	terrestrial scorpion
βλιστηρίς	taking honey
βλώσκω	come
βοάω	shout
βοείη	oxhide
βοηθόος	assisting
βοηθός	assisting
βοθρίον	small ulcer
βορβορυγμός	intestinal rumbling
βουβών	groin
βουδόρος	flaying oxen
βουκολικός	pastoral poetry
βουκράνιον	ox-head
βουλή	counsel
βουλευτός	devised
βουλεύω	resolve
βουληφόρος	counselling
βουτύρινος	of butter
βούγλωσσον	tongue depressor
βούλιμος	ravenous hunger
βούλομαι	want
βρέμω	roar
βρέντιον	stag's head
βρέφος	baby
βρέχω	send rain
βρίμη	bellowing
βραχυδάκτυλος	short-fingered
βραχύνω	abridge
βρωτικός	gnawing
βρόγχια	bronchial tubes
βρόμος	loud noise
βρύον	catkin
βρύσις	bubbling up
βρύχημα	roar
βρῶσις	rust
βόρβορος	mire
βόσκω	feed
βότρυς	Pleiades
βύας	eagle owl
βύλαρος	dung beetle
βῶλαξ	ground
βῶλος	land
γάγγαμον	umbilical region
γάζα	treasury
γάρρα	rod
γέγωνα	shout
γένος	offspring
γένουβις	dog excrement
γέντο	(he/she) grasped
γίγνομαι	become
γαμψός	curved
γανάω	clean
γαυλός	milk pail
γαῖα	land
γελάω	laugh
γελαστός	laughable
γεωμετρέω	measure
γεύω	feed
γεῦμα	taste
γηγενής	mortal
γηγενεῖς	Gigantes
γηθόσυνος	joyful
γλαυκός	gleaming
γλαύκινος	bluish grey
γλουτός	rump
γλούτια	greater trochanter
γλυκύς	sweet (taste)
γλυπτός	carved
γλωσσοποιός	making mouthpieces
γλωχίς	projecting point
γλύμμα	engraved figure
γλῶσσα	tongue
γνάμπτω	bend
γναμπτός	curved
γνύθος	pit
γοάω	bewail
γογγύζω	whisper
γογγύλος	round
γοητευτικός	bewitching
γοργός	spirited
γράβιον	torch
γράφω	write
γραμμή	line
γραμματεύς	scribe
γρούτη	gruel
γρώνη	hollow vessel
γυμνάζω	train
γυμνάσιον	bodily exercises
γυμναστής	athlete
γόης	sorcerer
γόμφος	bond
γόργυρα	underground prison
γύαλον	vales
γῆρας	old age
γῆρυς	voice
δάκνω	bite
δάκος	bite
δάσος	thicket
δέλτος	writing-tablet
δέλφαξ	mother-swine
δέος	fear
δέπας	beaker
δέπαστρον	beaker
δέραιον	necklace
δέρκομαι	watch
δέρμα	skin
δέρρις	skin
δέφω	masturbate
δήμιος	public executioner
δίδωμι	give
δίκη	justice
δίκροος	forked
δίκτυον	fishing net
δίνη	whirlpool
δίφθογγον	diphthong
δίφθογγος	diphthong
δίω	pursue
δαΐζω	divide
δαΐφρων	warlike
δαίδαλος	cunningly wrought
δαίς	feast
δαιδάλεος	cunningly wrought
δαιμονιακός	demonic
δακρύω	cry
δακτυλόπους	first phalanx
δαμάζω	kill
δαμάλης	tamer
δαπάνη	cost
δαπανάω	consume
δασύ	thicket
δασὺ πνεῦμα	rough breathing
δαφοινός	bloodthirsty
δαψιλής	ample
δειγματίζω	appear
δειματόω	frighten
δειμός	fear
δειπνέω	dine
δελτοειδής	delta-shaped
δελφύς	womb
δερμάτινος	cutaneous
δεσμωτήριον	prison
δευτήρ	kettle
δεῖμα	terror
δεῖξις	display
δεῦκος	sweet (taste)
δεῦρο	things nearby
δηλέομαι	destroy
δημοκρατία	democracy
δημοπίθηκος	mob-jackanapes
δημοσιεύω	confiscate
δημοτικός	affable
δημότης	commoner
δηνάριον	denarius
διάδοχος	substitute
διάκρισις	separation
διάλειμμα	interval
διάλεκτος	discourse
διάλεξις	discourse
διάλογος	conversation
διάνοια	intention
διάτασις	tension
διάφορος	various
διάφραγμα	diaphragm
διάψαλμα	musical interlude
διήγησις	narration
διαίτημα	food
διαγίγνομαι	intervene
διαγιγνώσκω	distinguish
διαιρέτης	divider
διαιρέω	divide
διαιτάω	reconcile
διακονέω	help
διακοπή	gash
διακρίνω	dissolve
διακρύπτω	bury
διακόπτω	refute
διαλογίζομαι	consider
διαλυτής	dissolver
διαλυτός	destructible
διαλύτρωσις	ransom
διανοέομαι	intend
διανύω	traverse
διαπνέω	evaporate
διαπρακτικός	effective
διαρκέω	suffice
διαρπάζω	efface
διαρρέω	leak
διαρραίω	perish
διασκευάζω	equip
διασκευαστής	editor
διασπορά	scattering
διασῴζω	retain
διατελέω	accomplish
διατρίβω	hinder
διαφέρω	differ
διαφανής	red-hot
διαφεύγω	escape
διαφορέω	dispute
διαφόρησις	plundering
διαχέω	scatter
διαχωρίζω	separate
διδασκαλία	preparation
διδαχή	teaching
διθύραμβος	bombastic language
δικάζω	assign
δικαιοσύνη	righteousness
δικαστήριον	tribunal
δικτάμνινος	of dittany
διλογία	repetition
διλοχία	double company
δινέω	whirl
διοικοδομέω	barricade
διψάω	thirst
διωγμίτης	policeman
διώκω	persecute
δοάσσατο	it seemed
δοθιήν	small abscess
δοιή	doubt
δολερός	deceitful
δολοφρονέων	planning tricks
δομήτωρ	builder
δονέω	wheel
δοξάζω	glorify
δοξολογία	laudation
δορίαλλος	pudendum muliebre
δορυφόρος	spear-bearing
δοτήρ	giver
δουλόω	enslave
δοχμός	oblique
δούλη	female slave
δράγμα	handful
δραματουργία	dramatic composition
δρομάς	streetwalker
δροσερός	dewy
δρώπτω	look
δυναμικός	able
δυνατός	strong
δυσθυμία	despondency
δυσμενέων	bearing ill-will
δυσμορφία	misshapenness
δυστυχής	unlucky
δυσφορία	discomfort
δωμάτιον	chamber
δόγια	funeral service
δόγμα	opinion
δόλωμα	trick
δόρπον	food
δύσκολος	unpleasant
δύσπνοια	contrary winds
δύστηνος	unhappy
δώρημα	gift
δῃόω	slay
δῆγμα	bite
δῆμος	township
δῆξις	bite
εἰκονογράφος	portrait painter
εἰκονογραφία	sketch
εἰκονομαχία	iconomachy
εἰλεός	den
εἰμί	be
εἰρηνάρχης	police magistrate
εἰρηναῖος	peaceful
εἰσάγω	enter
εἰσακούω	hear
εἰσβάλλω	begin
εἱργμοφύλαξ	gaoler
εἴδησις	knowledge
εἴδωλον	phantom
εἴλω	smite
εἴρω	insert
εἴσομαι	go
εἶδον	see
εἶμαι	be
εἶμι	go
εἶπον	say
εἷμα	clothing
εὐάφιον	topical remedy
εὐέλεγκτος	easily refuted
εὐανάσφαλτος	quickly recovering
εὐγενής	well-born
εὐδαιμονία	happiness
εὐεστώ	well-being
εὐθανασία	noble death
εὐθυμία	contentment
εὐκίνητος	easily moved
εὐλαβέομαι	revere
εὐλογέω	curse
εὐνοϊκός	benevolent
εὐνοῦχος	castrated animal
εὐπραξία	good behavior
εὐπρεπής	specious
εὐρημοσύνη	fluency
εὐρυθμία	rhythmical order
εὐρόνοτος	southeastern wind
εὐστόμαχος	equable
εὐσχημοσύνη	gracefulness
εὐτελής	slight
εὐτυχία	good luck
εὐφημισμός	euphemism
εὐφραίνω	gladden
εὐφροσύνη	mirth
εὐχάριστος	pleasant
εὐχαριστέω	pray
εὐχαριστικός	of gratitude
εὐχετάομαι	pray
εὐχωλή	prayer
εὐωδία	sweet smell
εὐόφθαλμος	keen-eyed
εὐώδης	sweetsmelling
εὑρετικός	inventive
εὔβοτος	well-fed
εὔβουλος	well-advised
εὔκοπος	easy
εὔνοια	goodwill
εὔτακτος	well-ordered
εὔτυκτος	well-made
εὔφορος	bearing well
εὕδω	sleep
εὖνις	bedfellow
εὖρος	width
ζάπλουτος	very wealthy
ζάπυρος	very fiery
ζέω	heat
ζηλόω	emulate
ζυγόν	yoke
ζωγράφος	painter
ζωγραφέω	adorn
ζωός	alive
ζόφος	darkness
ζύγαινα	hammerhead shark
ζύγωμα	bolt
ζώνη	belt
ζώννυμι	gird
ζῆλος	extravagance
ζῳοποιέω	quicken
ζῴδιον	little animal
ζῶ	live
ζῶμα	woman's girdle
ζῷον	animal
θάμβος	amazement
θάμνος	bush
θάπτω	bury
θέα	view
θέατρον	play
θέω	fly
θέωσις	theosis
θήρ	any animal
θίασος	company
θαλερός	stout
θαλπνός	warming
θαλπωρή	warming
θαλυκρός	hot
θαμινός	crowded
θανατικός	deadly
θαρραλέος	daring
θαρσέω	dare
θαρσύνω	encourage
θαυμασμός	wondering
θεάομαι	contemplate
θεηκόλος	priest
θεοκτόνος	god-slayer
θεουργία	divine work
θεράπαινα	female slave
θεραπεία	medical treatment
θεραπευτικός	courteous
θεραπεύω	obey
θεσμός	institution
θεσπιδαής	divinely kindled
θεωρία	embassy
θεός	god
θεώρημα	sight
θηγάνη	whetstone
θηράω	hunt
θηρεύω	hunt
θλάω	overload
θνητός	befitting mortals
θνῄσκω	die
θολερός	muddy
θορός	semen
θοός	sharp
θοῦρος	rushing
θρέμμα	nursling
θρηνῳδία	lamentation
θρόμβος	coarse salt
θρόμβωσις	curdling
θρόος	report
θρύον	reed
θρῖον	fig leaf
θυεία	mortar (vessel)
θυμαλγής	heart-grieving
θυμός	soul
θυρωρός	doorkeeper
θυσία	victim
θυσανόεις	tasseled
θυτήρ	sacrificer
θωή	fine
θύννος	tuna (fish)
θύος	burnt sacrifice
θύρετρα	doorcase
θύσανος	tassel
θύω	celebrate
θώψ	adulator
θᾶκος	seat
κάβαισος	glutton
κάδος	liquid measure
κάθαρσις	clarification
κάθετος	vertical
κάθομαι	camp
κάκκη	dung
κάλαμος	reed
κάλως	reefing rope
κάματος	toil
κάμιλος	mooring rope
κάμνω	suffer
κάμπτω	bend
κάμψα	basket
κάναστρον	wicker basket
κάννα	reed mat
κάνναβις	hemp seed
κάπετος	ditch
κάπη	crib
κάρβανος	outlandish
κάρδοπος	kneading trough
κάρος	heavy sleep
κάρπιμος	fruit-bearing
κάρρον	car
κάρφος	dry straw
κάστανα	sweet chestnuts
κάχρυς	parched barley
κάψα	basket
κέκαδον	deprive
κέλαδος	musical sound
κέλομαι	command
κέρδος	gain
κέρκος	penis
κέρτομος	stinging
κέρχνος	rough excrescence
κήλεος	burning
κήλη	tumour
κήξ	sea swallow
κίκι	castor oil
κίναιδος	cinaedus
κίρκος	circle
κίσηρις	pumice stone
κίσθος	rockrose (Cistus)
κίσσινος	of ivy
κίω	go
κίων	pillar
καίω	cauterize
καθαίρω	purify
καθαιρέω	seize
καθιδρύω	establish
καθιζάνω	sit
καινός	fresh
κακοδοξία	bad reputation
κακομάζαλος	ill-fated
κακομήχανος	mischievous
κακοῦργος	evildoer
καλάμη	reed
καλάπους	shoemaker's last
καλαμίς	limed twig
καλιά	barn
καλλύνω	beautify
καλοπόδιον	shoemaker's last
καλόπους	shoemaker's last
καλύπτρα	veil
καμπύλος	bent
καμψός	crooked
κανδήλη	oil lamp
καπυρός	drying
καρίς	shrimp
καρκαίρω	quake
καρπάλιμος	swift
καρωτίδες	carotid arteries
καρωτικός	stupefying
καρύκινος	dark red
καρύϊνος	of nuts
κασσιτερουργός	tinker
κατάγω	reduce
κατάλυσις	dissolution
κατάπλασμα	plaster
κατάταξις	ordering
κατάχυτλον	watering can
κατέχω	restrain
καταβάλλω	overthrow
καταγέλαστος	ridiculous
καταγίγνομαι	abide
καταδικάζω	condemn
καταθνῄσκω	die
καταιβατός	down-going
καταιγισμός	sensual desires
κατακλυσμός	flood
κατακρύπτω	hide
καταλύω	destroy
καταναγκάζω	force
κατανεύω	nod
κατανοέω	learn
καταφανής	manifest
καταφατικός	affirmative
καταφρονητικός	contemptuous
κατεργάζομαι	level
κατηγορία	charge
κατηγόρημα	accusation
κατηχέω	resound
κατηχητής	instructor
κατοίκημα	home
κατοίκησις	dwelling
κατοίκια	household goods
κατοικάς	household
κατοικήτωρ	resident
κατοικίς	household
κατοικεσία	dwelling
κατοικητής	colonist
καυστικός	burnable
κεάζω	shiver
κεδνός	cherished
κεδρίς	juniper berry
κεκλήγων	shouting
